run_id,exp_name,phase,episode,seed,map_name,rows,cols,alpha,gamma,epsilon,reward_setting,max_steps,total_reward,steps,success,terminated,truncated,hit_trap,elapsed_sec,qtable_path
baseline_check_42_2d339d2e,baseline_check,train,1,42,easy,5,5,0.1,0.95,0.199,default,50,-38.0,29,0,1,0,1,0.003301899996586144,
baseline_check_42_2d339d2e,baseline_check,train,2,42,easy,5,5,0.1,0.95,0.19800500000000001,default,50,-33.0,44,1,1,0,0,0.006005900002492126,
baseline_check_42_2d339d2e,baseline_check,train,3,42,easy,5,5,0.1,0.95,0.197014975,default,50,-33.0,44,1,1,0,0,0.006139900004200172,
baseline_check_42_2d339d2e,baseline_check,train,4,42,easy,5,5,0.1,0.95,0.19602990012500002,default,50,-56.0,47,0,1,0,1,0.00487779999821214,
baseline_check_42_2d339d2e,baseline_check,train,5,42,easy,5,5,0.1,0.95,0.19504975062437502,default,50,-23.0,34,1,1,0,0,0.003266699997766409,
baseline_check_42_2d339d2e,baseline_check,train,6,42,easy,5,5,0.1,0.95,0.19407450187125314,default,50,-50.0,50,0,0,1,0,0.004858300002524629,
baseline_check_42_2d339d2e,baseline_check,train,7,42,easy,5,5,0.1,0.95,0.19310412936189686,default,50,-44.0,35,0,1,0,1,0.002517599998100195,
baseline_check_42_2d339d2e,baseline_check,train,8,42,easy,5,5,0.1,0.95,0.19213860871508737,default,50,-12.0,23,1,1,0,0,0.001723699999274686,
baseline_check_42_2d339d2e,baseline_check,train,9,42,easy,5,5,0.1,0.95,0.19117791567151193,default,50,-50.0,50,0,0,1,0,0.005307599996740464,
baseline_check_42_2d339d2e,baseline_check,train,10,42,easy,5,5,0.1,0.95,0.19022202609315436,default,50,-29.0,20,0,1,0,1,0.0014892000035615638,
baseline_check_42_2d339d2e,baseline_check,train,11,42,easy,5,5,0.1,0.95,0.18927091596268858,default,50,-50.0,50,0,0,1,0,0.004488600003242027,
baseline_check_42_2d339d2e,baseline_check,train,12,42,easy,5,5,0.1,0.95,0.18832456138287512,default,50,-32.0,43,1,1,0,0,0.003096799999184441,
baseline_check_42_2d339d2e,baseline_check,train,13,42,easy,5,5,0.1,0.95,0.18738293857596075,default,50,-24.0,35,1,1,0,0,0.002803800001856871,
baseline_check_42_2d339d2e,baseline_check,train,14,42,easy,5,5,0.1,0.95,0.18644602388308096,default,50,-50.0,50,0,0,1,0,0.005728099997213576,
baseline_check_42_2d339d2e,baseline_check,train,15,42,easy,5,5,0.1,0.95,0.18551379376366556,default,50,-3.0,14,1,1,0,0,0.0010499999989406206,
baseline_check_42_2d339d2e,baseline_check,train,16,42,easy,5,5,0.1,0.95,0.18458622479484724,default,50,-37.0,28,0,1,0,1,0.0025650999959907494,
baseline_check_42_2d339d2e,baseline_check,train,17,42,easy,5,5,0.1,0.95,0.183663293670873,default,50,-31.0,22,0,1,0,1,0.001955100000486709,
baseline_check_42_2d339d2e,baseline_check,train,18,42,easy,5,5,0.1,0.95,0.18274497720251864,default,50,-50.0,50,0,0,1,0,0.005282800004351884,
baseline_check_42_2d339d2e,baseline_check,train,19,42,easy,5,5,0.1,0.95,0.18183125231650604,default,50,-25.0,16,0,1,0,1,0.0023652000018046238,
baseline_check_42_2d339d2e,baseline_check,train,20,42,easy,5,5,0.1,0.95,0.18092209605492351,default,50,-14.0,25,1,1,0,0,0.002172100001189392,
baseline_check_42_2d339d2e,baseline_check,train,21,42,easy,5,5,0.1,0.95,0.1800174855746489,default,50,-29.0,40,1,1,0,0,0.00340620000497438,
baseline_check_42_2d339d2e,baseline_check,train,22,42,easy,5,5,0.1,0.95,0.17911739814677563,default,50,-2.0,13,1,1,0,0,0.0011985000019194558,
baseline_check_42_2d339d2e,baseline_check,train,23,42,easy,5,5,0.1,0.95,0.17822181115604174,default,50,-16.0,27,1,1,0,0,0.0019964999955845997,
baseline_check_42_2d339d2e,baseline_check,train,24,42,easy,5,5,0.1,0.95,0.17733070210026153,default,50,-13.0,24,1,1,0,0,0.0018442000000504777,
baseline_check_42_2d339d2e,baseline_check,train,25,42,easy,5,5,0.1,0.95,0.17644404858976023,default,50,-23.0,14,0,1,0,1,0.001476800003729295,
baseline_check_42_2d339d2e,baseline_check,train,26,42,easy,5,5,0.1,0.95,0.17556182834681144,default,50,0.0,11,1,1,0,0,0.001892600004794076,
baseline_check_42_2d339d2e,baseline_check,train,27,42,easy,5,5,0.1,0.95,0.1746840192050774,default,50,-15.0,26,1,1,0,0,0.004353600001195446,
baseline_check_42_2d339d2e,baseline_check,train,28,42,easy,5,5,0.1,0.95,0.173810599109052,default,50,-10.0,21,1,1,0,0,0.0020493000047281384,
baseline_check_42_2d339d2e,baseline_check,train,29,42,easy,5,5,0.1,0.95,0.17294154611350673,default,50,-8.0,19,1,1,0,0,0.0019320999999763444,
baseline_check_42_2d339d2e,baseline_check,train,30,42,easy,5,5,0.1,0.95,0.1720768383829392,default,50,-15.0,26,1,1,0,0,0.0025825000047916546,
baseline_check_42_2d339d2e,baseline_check,train,31,42,easy,5,5,0.1,0.95,0.1712164541910245,default,50,-6.0,17,1,1,0,0,0.0015923999962978996,
baseline_check_42_2d339d2e,baseline_check,train,32,42,easy,5,5,0.1,0.95,0.17036037192006936,default,50,-16.0,27,1,1,0,0,0.00404069999785861,
baseline_check_42_2d339d2e,baseline_check,train,33,42,easy,5,5,0.1,0.95,0.16950857006046902,default,50,-1.0,12,1,1,0,0,0.001913200001581572,
baseline_check_42_2d339d2e,baseline_check,train,34,42,easy,5,5,0.1,0.95,0.16866102721016668,default,50,-15.0,26,1,1,0,0,0.002181799995014444,
baseline_check_42_2d339d2e,baseline_check,train,35,42,easy,5,5,0.1,0.95,0.16781772207411585,default,50,-9.0,20,1,1,0,0,0.002057100005913526,
baseline_check_42_2d339d2e,baseline_check,train,36,42,easy,5,5,0.1,0.95,0.16697863346374528,default,50,-10.0,21,1,1,0,0,0.0023671999952057377,
baseline_check_42_2d339d2e,baseline_check,train,37,42,easy,5,5,0.1,0.95,0.16614374029642656,default,50,-10.0,21,1,1,0,0,0.0021520000009331852,
baseline_check_42_2d339d2e,baseline_check,train,38,42,easy,5,5,0.1,0.95,0.16531302159494443,default,50,-21.0,12,0,1,0,1,0.0012272000021766871,
baseline_check_42_2d339d2e,baseline_check,train,39,42,easy,5,5,0.1,0.95,0.16448645648696972,default,50,-6.0,17,1,1,0,0,0.0036084000021219254,
baseline_check_42_2d339d2e,baseline_check,train,40,42,easy,5,5,0.1,0.95,0.16366402420453488,default,50,-2.0,13,1,1,0,0,0.004031699994811788,
baseline_check_42_2d339d2e,baseline_check,train,41,42,easy,5,5,0.1,0.95,0.1628457040835122,default,50,-4.0,15,1,1,0,0,0.003028699997230433,
baseline_check_42_2d339d2e,baseline_check,train,42,42,easy,5,5,0.1,0.95,0.16203147556309463,default,50,-1.0,12,1,1,0,0,0.0026808999973582104,
baseline_check_42_2d339d2e,baseline_check,train,43,42,easy,5,5,0.1,0.95,0.16122131818527916,default,50,-3.0,14,1,1,0,0,0.0020344000004115514,
baseline_check_42_2d339d2e,baseline_check,train,44,42,easy,5,5,0.1,0.95,0.16041521159435276,default,50,-4.0,15,1,1,0,0,0.0013937000039732084,
baseline_check_42_2d339d2e,baseline_check,train,45,42,easy,5,5,0.1,0.95,0.159613135536381,default,50,-6.0,17,1,1,0,0,0.0019420000026002526,
baseline_check_42_2d339d2e,baseline_check,train,46,42,easy,5,5,0.1,0.95,0.15881506985869911,default,50,-1.0,12,1,1,0,0,0.0012216999966767617,
baseline_check_42_2d339d2e,baseline_check,train,47,42,easy,5,5,0.1,0.95,0.15802099450940563,default,50,-4.0,15,1,1,0,0,0.0014512000052491203,
baseline_check_42_2d339d2e,baseline_check,train,48,42,easy,5,5,0.1,0.95,0.1572308895368586,default,50,-23.0,14,0,1,0,1,0.0011997000037808903,
baseline_check_42_2d339d2e,baseline_check,train,49,42,easy,5,5,0.1,0.95,0.1564447350891743,default,50,0.0,11,1,1,0,0,0.0014317000022856519,
baseline_check_42_2d339d2e,baseline_check,train,50,42,easy,5,5,0.1,0.95,0.15566251141372844,default,50,-6.0,17,1,1,0,0,0.00194500000361586,
baseline_check_42_2d339d2e,baseline_check,train,51,42,easy,5,5,0.1,0.95,0.1548841988566598,default,50,1.0,10,1,1,0,0,0.0021034000019426458,
baseline_check_42_2d339d2e,baseline_check,train,52,42,easy,5,5,0.1,0.95,0.1541097778623765,default,50,-9.0,20,1,1,0,0,0.002493499996489845,
baseline_check_42_2d339d2e,baseline_check,train,53,42,easy,5,5,0.1,0.95,0.15333922897306462,default,50,-2.0,13,1,1,0,0,0.001542000005429145,
baseline_check_42_2d339d2e,baseline_check,train,54,42,easy,5,5,0.1,0.95,0.1525725328281993,default,50,0.0,11,1,1,0,0,0.0009728999939397909,
baseline_check_42_2d339d2e,baseline_check,train,55,42,easy,5,5,0.1,0.95,0.1518096701640583,default,50,0.0,11,1,1,0,0,0.0010449999972479418,
baseline_check_42_2d339d2e,baseline_check,train,56,42,easy,5,5,0.1,0.95,0.151050621813238,default,50,-4.0,15,1,1,0,0,0.0018956000058096834,
baseline_check_42_2d339d2e,baseline_check,train,57,42,easy,5,5,0.1,0.95,0.15029536870417182,default,50,-2.0,13,1,1,0,0,0.0012581000046338886,
baseline_check_42_2d339d2e,baseline_check,train,58,42,easy,5,5,0.1,0.95,0.14954389186065095,default,50,-11.0,22,1,1,0,0,0.0017475999993621372,
baseline_check_42_2d339d2e,baseline_check,train,59,42,easy,5,5,0.1,0.95,0.1487961724013477,default,50,1.0,10,1,1,0,0,0.000898499994946178,
baseline_check_42_2d339d2e,baseline_check,train,60,42,easy,5,5,0.1,0.95,0.14805219153934096,default,50,-1.0,12,1,1,0,0,0.0013357000061660074,
baseline_check_42_2d339d2e,baseline_check,train,61,42,easy,5,5,0.1,0.95,0.14731193058164427,default,50,-18.0,9,0,1,0,1,0.0015448999984073453,
baseline_check_42_2d339d2e,baseline_check,train,62,42,easy,5,5,0.1,0.95,0.14657537092873604,default,50,3.0,8,1,1,0,0,0.0018982000037794933,
baseline_check_42_2d339d2e,baseline_check,train,63,42,easy,5,5,0.1,0.95,0.14584249407409236,default,50,0.0,11,1,1,0,0,0.0014879999944241717,
baseline_check_42_2d339d2e,baseline_check,train,64,42,easy,5,5,0.1,0.95,0.1451132816037219,default,50,-14.0,5,0,1,0,1,0.0005453999983728863,
baseline_check_42_2d339d2e,baseline_check,train,65,42,easy,5,5,0.1,0.95,0.1443877151957033,default,50,-4.0,15,1,1,0,0,0.001593299995874986,
baseline_check_42_2d339d2e,baseline_check,train,66,42,easy,5,5,0.1,0.95,0.14366577661972477,default,50,3.0,8,1,1,0,0,0.0012321999965934083,
baseline_check_42_2d339d2e,baseline_check,train,67,42,easy,5,5,0.1,0.95,0.14294744773662615,default,50,0.0,11,1,1,0,0,0.0017396999974153005,
baseline_check_42_2d339d2e,baseline_check,train,68,42,easy,5,5,0.1,0.95,0.14223271049794303,default,50,0.0,11,1,1,0,0,0.0011068000021623448,
baseline_check_42_2d339d2e,baseline_check,train,69,42,easy,5,5,0.1,0.95,0.14152154694545332,default,50,-1.0,12,1,1,0,0,0.0011673999979393557,
baseline_check_42_2d339d2e,baseline_check,train,70,42,easy,5,5,0.1,0.95,0.14081393921072605,default,50,-4.0,15,1,1,0,0,0.0012439999991329387,
baseline_check_42_2d339d2e,baseline_check,train,71,42,easy,5,5,0.1,0.95,0.1401098695146724,default,50,1.0,10,1,1,0,0,0.0010766999985207804,
baseline_check_42_2d339d2e,baseline_check,train,72,42,easy,5,5,0.1,0.95,0.13940932016709906,default,50,1.0,10,1,1,0,0,0.0010538999995333143,
baseline_check_42_2d339d2e,baseline_check,train,73,42,easy,5,5,0.1,0.95,0.13871227356626356,default,50,1.0,10,1,1,0,0,0.0014598999987356365,
baseline_check_42_2d339d2e,baseline_check,train,74,42,easy,5,5,0.1,0.95,0.13801871219843223,default,50,1.0,10,1,1,0,0,0.0015724000040790997,
baseline_check_42_2d339d2e,baseline_check,train,75,42,easy,5,5,0.1,0.95,0.13732861863744006,default,50,2.0,9,1,1,0,0,0.0013744000025326386,
baseline_check_42_2d339d2e,baseline_check,train,76,42,easy,5,5,0.1,0.95,0.13664197554425286,default,50,3.0,8,1,1,0,0,0.0012817000024369918,
baseline_check_42_2d339d2e,baseline_check,train,77,42,easy,5,5,0.1,0.95,0.1359587656665316,default,50,2.0,9,1,1,0,0,0.001183200001833029,
baseline_check_42_2d339d2e,baseline_check,train,78,42,easy,5,5,0.1,0.95,0.13527897183819892,default,50,-1.0,12,1,1,0,0,0.0009962000040104613,
baseline_check_42_2d339d2e,baseline_check,train,79,42,easy,5,5,0.1,0.95,0.13460257697900793,default,50,2.0,9,1,1,0,0,0.001475899996876251,
baseline_check_42_2d339d2e,baseline_check,train,80,42,easy,5,5,0.1,0.95,0.13392956409411289,default,50,-1.0,12,1,1,0,0,0.0010848000019905157,
baseline_check_42_2d339d2e,baseline_check,train,81,42,easy,5,5,0.1,0.95,0.1332599162736423,default,50,-1.0,12,1,1,0,0,0.0009067999999388121,
baseline_check_42_2d339d2e,baseline_check,train,82,42,easy,5,5,0.1,0.95,0.1325936166922741,default,50,1.0,10,1,1,0,0,0.0008505000005243346,
baseline_check_42_2d339d2e,baseline_check,train,83,42,easy,5,5,0.1,0.95,0.13193064860881273,default,50,3.0,8,1,1,0,0,0.0006515999994007871,
baseline_check_42_2d339d2e,baseline_check,train,84,42,easy,5,5,0.1,0.95,0.13127099536576867,default,50,1.0,10,1,1,0,0,0.0007253999938257039,
baseline_check_42_2d339d2e,baseline_check,train,85,42,easy,5,5,0.1,0.95,0.13061464038893983,default,50,3.0,8,1,1,0,0,0.0007600999961141497,
baseline_check_42_2d339d2e,baseline_check,train,86,42,easy,5,5,0.1,0.95,0.12996156718699514,default,50,3.0,8,1,1,0,0,0.0006704000043100677,
baseline_check_42_2d339d2e,baseline_check,train,87,42,easy,5,5,0.1,0.95,0.12931175935106015,default,50,3.0,8,1,1,0,0,0.0007029999978840351,
baseline_check_42_2d339d2e,baseline_check,train,88,42,easy,5,5,0.1,0.95,0.12866520055430486,default,50,3.0,8,1,1,0,0,0.0007439999972120859,
baseline_check_42_2d339d2e,baseline_check,train,89,42,easy,5,5,0.1,0.95,0.12802187455153333,default,50,2.0,9,1,1,0,0,0.0008391999945160933,
baseline_check_42_2d339d2e,baseline_check,train,90,42,easy,5,5,0.1,0.95,0.12738176517877567,default,50,2.0,9,1,1,0,0,0.0008777999973972328,
baseline_check_42_2d339d2e,baseline_check,train,91,42,easy,5,5,0.1,0.95,0.1267448563528818,default,50,-2.0,13,1,1,0,0,0.0020498999947449192,
baseline_check_42_2d339d2e,baseline_check,train,92,42,easy,5,5,0.1,0.95,0.12611113207111738,default,50,1.0,10,1,1,0,0,0.001032599997415673,
baseline_check_42_2d339d2e,baseline_check,train,93,42,easy,5,5,0.1,0.95,0.1254805764107618,default,50,3.0,8,1,1,0,0,0.0008785000027273782,
baseline_check_42_2d339d2e,baseline_check,train,94,42,easy,5,5,0.1,0.95,0.12485317352870799,default,50,-1.0,12,1,1,0,0,0.0011472999976831488,
baseline_check_42_2d339d2e,baseline_check,train,95,42,easy,5,5,0.1,0.95,0.12422890766106445,default,50,3.0,8,1,1,0,0,0.0015046999978949316,
baseline_check_42_2d339d2e,baseline_check,train,96,42,easy,5,5,0.1,0.95,0.12360776312275913,default,50,-1.0,12,1,1,0,0,0.002643699997861404,
baseline_check_42_2d339d2e,baseline_check,train,97,42,easy,5,5,0.1,0.95,0.12298972430714533,default,50,1.0,10,1,1,0,0,0.001759500002663117,
baseline_check_42_2d339d2e,baseline_check,train,98,42,easy,5,5,0.1,0.95,0.1223747756856096,default,50,3.0,8,1,1,0,0,0.0013612999973702244,
baseline_check_42_2d339d2e,baseline_check,train,99,42,easy,5,5,0.1,0.95,0.12176290180718155,default,50,3.0,8,1,1,0,0,0.0012089000010746531,
baseline_check_42_2d339d2e,baseline_check,train,100,42,easy,5,5,0.1,0.95,0.12115408729814564,default,50,2.0,9,1,1,0,0,0.001101999994716607,
baseline_check_42_2d339d2e,baseline_check,train,101,42,easy,5,5,0.1,0.95,0.12054831686165492,default,50,3.0,8,1,1,0,0,0.0008853999970597215,
baseline_check_42_2d339d2e,baseline_check,train,102,42,easy,5,5,0.1,0.95,0.11994557527734664,default,50,1.0,10,1,1,0,0,0.002194799999415409,
baseline_check_42_2d339d2e,baseline_check,train,103,42,easy,5,5,0.1,0.95,0.11934584740095991,default,50,3.0,8,1,1,0,0,0.0014875000051688403,
baseline_check_42_2d339d2e,baseline_check,train,104,42,easy,5,5,0.1,0.95,0.11874911816395511,default,50,-2.0,13,1,1,0,0,0.0020707000003312714,
baseline_check_42_2d339d2e,baseline_check,train,105,42,easy,5,5,0.1,0.95,0.11815537257313534,default,50,3.0,8,1,1,0,0,0.0012494000038714148,
baseline_check_42_2d339d2e,baseline_check,train,106,42,easy,5,5,0.1,0.95,0.11756459571026966,default,50,2.0,9,1,1,0,0,0.001870300002337899,
baseline_check_42_2d339d2e,baseline_check,train,107,42,easy,5,5,0.1,0.95,0.1169767727317183,default,50,1.0,10,1,1,0,0,0.0009147000018856488,
baseline_check_42_2d339d2e,baseline_check,train,108,42,easy,5,5,0.1,0.95,0.1163918888680597,default,50,3.0,8,1,1,0,0,0.0006954999989829957,
baseline_check_42_2d339d2e,baseline_check,train,109,42,easy,5,5,0.1,0.95,0.11580992942371941,default,50,2.0,9,1,1,0,0,0.0008630000011180528,
baseline_check_42_2d339d2e,baseline_check,train,110,42,easy,5,5,0.1,0.95,0.11523087977660082,default,50,3.0,8,1,1,0,0,0.0007590000022901222,
baseline_check_42_2d339d2e,baseline_check,train,111,42,easy,5,5,0.1,0.95,0.11465472537771781,default,50,2.0,9,1,1,0,0,0.0009511000025668181,
baseline_check_42_2d339d2e,baseline_check,train,112,42,easy,5,5,0.1,0.95,0.11408145175082922,default,50,3.0,8,1,1,0,0,0.0007639000032213517,
baseline_check_42_2d339d2e,baseline_check,train,113,42,easy,5,5,0.1,0.95,0.11351104449207507,default,50,-3.0,14,1,1,0,0,0.0014312999992398545,
baseline_check_42_2d339d2e,baseline_check,train,114,42,easy,5,5,0.1,0.95,0.11294348926961469,default,50,3.0,8,1,1,0,0,0.0007912000000942498,
baseline_check_42_2d339d2e,baseline_check,train,115,42,easy,5,5,0.1,0.95,0.11237877182326661,default,50,3.0,8,1,1,0,0,0.0011235999991185963,
baseline_check_42_2d339d2e,baseline_check,train,116,42,easy,5,5,0.1,0.95,0.11181687796415028,default,50,-2.0,13,1,1,0,0,0.00220650000119349,
baseline_check_42_2d339d2e,baseline_check,train,117,42,easy,5,5,0.1,0.95,0.11125779357432954,default,50,3.0,8,1,1,0,0,0.0008673999982420355,
baseline_check_42_2d339d2e,baseline_check,train,118,42,easy,5,5,0.1,0.95,0.11070150460645789,default,50,3.0,8,1,1,0,0,0.0007882999998400919,
baseline_check_42_2d339d2e,baseline_check,train,119,42,easy,5,5,0.1,0.95,0.1101479970834256,default,50,3.0,8,1,1,0,0,0.0007869999972172081,
baseline_check_42_2d339d2e,baseline_check,train,120,42,easy,5,5,0.1,0.95,0.10959725709800847,default,50,3.0,8,1,1,0,0,0.0008484000063617714,
baseline_check_42_2d339d2e,baseline_check,train,121,42,easy,5,5,0.1,0.95,0.10904927081251842,default,50,2.0,9,1,1,0,0,0.0008009000011952594,
baseline_check_42_2d339d2e,baseline_check,train,122,42,easy,5,5,0.1,0.95,0.10850402445845582,default,50,2.0,9,1,1,0,0,0.0010204999998677522,
baseline_check_42_2d339d2e,baseline_check,train,123,42,easy,5,5,0.1,0.95,0.10796150433616354,default,50,2.0,9,1,1,0,0,0.0010875999942072667,
baseline_check_42_2d339d2e,baseline_check,train,124,42,easy,5,5,0.1,0.95,0.10742169681448273,default,50,2.0,9,1,1,0,0,0.0007967000055941753,
baseline_check_42_2d339d2e,baseline_check,train,125,42,easy,5,5,0.1,0.95,0.10688458833041031,default,50,1.0,10,1,1,0,0,0.0009505000052740797,
baseline_check_42_2d339d2e,baseline_check,train,126,42,easy,5,5,0.1,0.95,0.10635016538875826,default,50,3.0,8,1,1,0,0,0.0014819999996689148,
baseline_check_42_2d339d2e,baseline_check,train,127,42,easy,5,5,0.1,0.95,0.10581841456181447,default,50,3.0,8,1,1,0,0,0.0011574999953154474,
baseline_check_42_2d339d2e,baseline_check,train,128,42,easy,5,5,0.1,0.95,0.1052893224890054,default,50,2.0,9,1,1,0,0,0.000872299999173265,
baseline_check_42_2d339d2e,baseline_check,train,129,42,easy,5,5,0.1,0.95,0.10476287587656037,default,50,2.0,9,1,1,0,0,0.0012679000064963475,
baseline_check_42_2d339d2e,baseline_check,train,130,42,easy,5,5,0.1,0.95,0.10423906149717757,default,50,3.0,8,1,1,0,0,0.0017838999992818572,
baseline_check_42_2d339d2e,baseline_check,train,131,42,easy,5,5,0.1,0.95,0.10371786618969168,default,50,3.0,8,1,1,0,0,0.0016589000006206334,
baseline_check_42_2d339d2e,baseline_check,train,132,42,easy,5,5,0.1,0.95,0.10319927685874322,default,50,1.0,10,1,1,0,0,0.0016145000045071356,
baseline_check_42_2d339d2e,baseline_check,train,133,42,easy,5,5,0.1,0.95,0.10268328047444951,default,50,2.0,9,1,1,0,0,0.0016672999990987591,
baseline_check_42_2d339d2e,baseline_check,train,134,42,easy,5,5,0.1,0.95,0.10216986407207726,default,50,0.0,11,1,1,0,0,0.0016446000008727424,
baseline_check_42_2d339d2e,baseline_check,train,135,42,easy,5,5,0.1,0.95,0.10165901475171688,default,50,3.0,8,1,1,0,0,0.0007721000001765788,
baseline_check_42_2d339d2e,baseline_check,train,136,42,easy,5,5,0.1,0.95,0.10115071967795829,default,50,2.0,9,1,1,0,0,0.0007963999960338697,
baseline_check_42_2d339d2e,baseline_check,train,137,42,easy,5,5,0.1,0.95,0.10064496607956849,default,50,0.0,11,1,1,0,0,0.0011299999969196506,
baseline_check_42_2d339d2e,baseline_check,train,138,42,easy,5,5,0.1,0.95,0.10014174124917065,default,50,2.0,9,1,1,0,0,0.0010094000026583672,
baseline_check_42_2d339d2e,baseline_check,train,139,42,easy,5,5,0.1,0.95,0.09964103254292479,default,50,3.0,8,1,1,0,0,0.0009484000038355589,
baseline_check_42_2d339d2e,baseline_check,train,140,42,easy,5,5,0.1,0.95,0.09914282738021017,default,50,3.0,8,1,1,0,0,0.0012599999972735532,
baseline_check_42_2d339d2e,baseline_check,train,141,42,easy,5,5,0.1,0.95,0.09864711324330912,default,50,-2.0,13,1,1,0,0,0.0010099999999511056,
baseline_check_42_2d339d2e,baseline_check,train,142,42,easy,5,5,0.1,0.95,0.09815387767709258,default,50,3.0,8,1,1,0,0,0.0012037000051350333,
baseline_check_42_2d339d2e,baseline_check,train,143,42,easy,5,5,0.1,0.95,0.09766310828870711,default,50,3.0,8,1,1,0,0,0.0010784000041894615,
baseline_check_42_2d339d2e,baseline_check,train,144,42,easy,5,5,0.1,0.95,0.09717479274726358,default,50,-1.0,12,1,1,0,0,0.0008897000006982125,
baseline_check_42_2d339d2e,baseline_check,train,145,42,easy,5,5,0.1,0.95,0.09668891878352726,default,50,2.0,9,1,1,0,0,0.000705700003891252,
baseline_check_42_2d339d2e,baseline_check,train,146,42,easy,5,5,0.1,0.95,0.09620547418960962,default,50,3.0,8,1,1,0,0,0.0006626000031246804,
baseline_check_42_2d339d2e,baseline_check,train,147,42,easy,5,5,0.1,0.95,0.09572444681866157,default,50,3.0,8,1,1,0,0,0.000735400004487019,
baseline_check_42_2d339d2e,baseline_check,train,148,42,easy,5,5,0.1,0.95,0.09524582458456826,default,50,3.0,8,1,1,0,0,0.0006737000003340654,
baseline_check_42_2d339d2e,baseline_check,train,149,42,easy,5,5,0.1,0.95,0.09476959546164541,default,50,2.0,9,1,1,0,0,0.0007043000005069189,
baseline_check_42_2d339d2e,baseline_check,train,150,42,easy,5,5,0.1,0.95,0.09429574748433718,default,50,2.0,9,1,1,0,0,0.0008381000006920658,
baseline_check_42_2d339d2e,baseline_check,train,151,42,easy,5,5,0.1,0.95,0.09382426874691549,default,50,3.0,8,1,1,0,0,0.0010636000006343238,
baseline_check_42_2d339d2e,baseline_check,train,152,42,easy,5,5,0.1,0.95,0.09335514740318092,default,50,1.0,10,1,1,0,0,0.0009831999996094964,
baseline_check_42_2d339d2e,baseline_check,train,153,42,easy,5,5,0.1,0.95,0.09288837166616501,default,50,1.0,10,1,1,0,0,0.0007305000035557896,
baseline_check_42_2d339d2e,baseline_check,train,154,42,easy,5,5,0.1,0.95,0.09242392980783419,default,50,3.0,8,1,1,0,0,0.000640000005660113,
baseline_check_42_2d339d2e,baseline_check,train,155,42,easy,5,5,0.1,0.95,0.09196181015879502,default,50,3.0,8,1,1,0,0,0.0006350999974529259,
baseline_check_42_2d339d2e,baseline_check,train,156,42,easy,5,5,0.1,0.95,0.09150200110800105,default,50,3.0,8,1,1,0,0,0.0006436999974539503,
baseline_check_42_2d339d2e,baseline_check,train,157,42,easy,5,5,0.1,0.95,0.09104449110246104,default,50,0.0,11,1,1,0,0,0.0007957999987411313,
baseline_check_42_2d339d2e,baseline_check,train,158,42,easy,5,5,0.1,0.95,0.09058926864694875,default,50,3.0,8,1,1,0,0,0.0006634000019403175,
baseline_check_42_2d339d2e,baseline_check,train,159,42,easy,5,5,0.1,0.95,0.090136322303714,default,50,1.0,10,1,1,0,0,0.0007303999955183826,
baseline_check_42_2d339d2e,baseline_check,train,160,42,easy,5,5,0.1,0.95,0.08968564069219544,default,50,2.0,9,1,1,0,0,0.0008310999983223155,
baseline_check_42_2d339d2e,baseline_check,train,161,42,easy,5,5,0.1,0.95,0.08923721248873447,default,50,-1.0,12,1,1,0,0,0.0011222999964957125,
baseline_check_42_2d339d2e,baseline_check,train,162,42,easy,5,5,0.1,0.95,0.08879102642629079,default,50,3.0,8,1,1,0,0,0.0008975000018835999,
baseline_check_42_2d339d2e,baseline_check,train,163,42,easy,5,5,0.1,0.95,0.08834707129415934,default,50,2.0,9,1,1,0,0,0.0008010000019567087,
baseline_check_42_2d339d2e,baseline_check,train,164,42,easy,5,5,0.1,0.95,0.08790533593768854,default,50,3.0,8,1,1,0,0,0.0009151999984169379,
baseline_check_42_2d339d2e,baseline_check,train,165,42,easy,5,5,0.1,0.95,0.0874658092580001,default,50,3.0,8,1,1,0,0,0.000701400000252761,
baseline_check_42_2d339d2e,baseline_check,train,166,42,easy,5,5,0.1,0.95,0.0870284802117101,default,50,3.0,8,1,1,0,0,0.000662000005831942,
baseline_check_42_2d339d2e,baseline_check,train,167,42,easy,5,5,0.1,0.95,0.08659333781065155,default,50,3.0,8,1,1,0,0,0.000613899996096734,
baseline_check_42_2d339d2e,baseline_check,train,168,42,easy,5,5,0.1,0.95,0.0861603711215983,default,50,3.0,8,1,1,0,0,0.0006339000028674491,
baseline_check_42_2d339d2e,baseline_check,train,169,42,easy,5,5,0.1,0.95,0.0857295692659903,default,50,3.0,8,1,1,0,0,0.0006391999995685183,
baseline_check_42_2d339d2e,baseline_check,train,170,42,easy,5,5,0.1,0.95,0.08530092141966035,default,50,3.0,8,1,1,0,0,0.0006426999971154146,
baseline_check_42_2d339d2e,baseline_check,train,171,42,easy,5,5,0.1,0.95,0.08487441681256205,default,50,3.0,8,1,1,0,0,0.0006083999978727661,
baseline_check_42_2d339d2e,baseline_check,train,172,42,easy,5,5,0.1,0.95,0.08445004472849925,default,50,3.0,8,1,1,0,0,0.0008452000038232654,
baseline_check_42_2d339d2e,baseline_check,train,173,42,easy,5,5,0.1,0.95,0.08402779450485676,default,50,3.0,8,1,1,0,0,0.0009674999964772724,
baseline_check_42_2d339d2e,baseline_check,train,174,42,easy,5,5,0.1,0.95,0.08360765553233247,default,50,3.0,8,1,1,0,0,0.0007172000041464344,
baseline_check_42_2d339d2e,baseline_check,train,175,42,easy,5,5,0.1,0.95,0.0831896172546708,default,50,2.0,9,1,1,0,0,0.0007075999965309165,
baseline_check_42_2d339d2e,baseline_check,train,176,42,easy,5,5,0.1,0.95,0.08277366916839746,default,50,3.0,8,1,1,0,0,0.0006603000001632608,
baseline_check_42_2d339d2e,baseline_check,train,177,42,easy,5,5,0.1,0.95,0.08235980082255547,default,50,3.0,8,1,1,0,0,0.0006194999950821511,
baseline_check_42_2d339d2e,baseline_check,train,178,42,easy,5,5,0.1,0.95,0.08194800181844268,default,50,3.0,8,1,1,0,0,0.0006340999971143901,
baseline_check_42_2d339d2e,baseline_check,train,179,42,easy,5,5,0.1,0.95,0.08153826180935046,default,50,3.0,8,1,1,0,0,0.0006193000008352101,
baseline_check_42_2d339d2e,baseline_check,train,180,42,easy,5,5,0.1,0.95,0.08113057050030371,default,50,3.0,8,1,1,0,0,0.0006495999987237155,
baseline_check_42_2d339d2e,baseline_check,train,181,42,easy,5,5,0.1,0.95,0.0807249176478022,default,50,1.0,10,1,1,0,0,0.0009063999968930148,
baseline_check_42_2d339d2e,baseline_check,train,182,42,easy,5,5,0.1,0.95,0.08032129305956318,default,50,3.0,8,1,1,0,0,0.0007555999982287176,
baseline_check_42_2d339d2e,baseline_check,train,183,42,easy,5,5,0.1,0.95,0.07991968659426536,default,50,2.0,9,1,1,0,0,0.0007340000011026859,
baseline_check_42_2d339d2e,baseline_check,train,184,42,easy,5,5,0.1,0.95,0.07952008816129404,default,50,2.0,9,1,1,0,0,0.0007905000020400621,
baseline_check_42_2d339d2e,baseline_check,train,185,42,easy,5,5,0.1,0.95,0.07912248772048756,default,50,3.0,8,1,1,0,0,0.0006990999972913414,
baseline_check_42_2d339d2e,baseline_check,train,186,42,easy,5,5,0.1,0.95,0.07872687528188513,default,50,2.0,9,1,1,0,0,0.0006976000004215166,
baseline_check_42_2d339d2e,baseline_check,train,187,42,easy,5,5,0.1,0.95,0.0783332409054757,default,50,2.0,9,1,1,0,0,0.0006810999984736554,
baseline_check_42_2d339d2e,baseline_check,train,188,42,easy,5,5,0.1,0.95,0.07794157470094833,default,50,3.0,8,1,1,0,0,0.0006109000023570843,
baseline_check_42_2d339d2e,baseline_check,train,189,42,easy,5,5,0.1,0.95,0.07755186682744358,default,50,1.0,10,1,1,0,0,0.0008760000055190176,
baseline_check_42_2d339d2e,baseline_check,train,190,42,easy,5,5,0.1,0.95,0.07716410749330636,default,50,3.0,8,1,1,0,0,0.0007947999984025955,
baseline_check_42_2d339d2e,baseline_check,train,191,42,easy,5,5,0.1,0.95,0.07677828695583983,default,50,-1.0,12,1,1,0,0,0.0008751999994274229,
baseline_check_42_2d339d2e,baseline_check,train,192,42,easy,5,5,0.1,0.95,0.07639439552106063,default,50,3.0,8,1,1,0,0,0.0008862000031513162,
baseline_check_42_2d339d2e,baseline_check,train,193,42,easy,5,5,0.1,0.95,0.07601242354345533,default,50,3.0,8,1,1,0,0,0.0006671000010101125,
baseline_check_42_2d339d2e,baseline_check,train,194,42,easy,5,5,0.1,0.95,0.07563236142573805,default,50,2.0,9,1,1,0,0,0.0006725999992340803,
baseline_check_42_2d339d2e,baseline_check,train,195,42,easy,5,5,0.1,0.95,0.07525419961860937,default,50,-1.0,12,1,1,0,0,0.000956600000790786,
baseline_check_42_2d339d2e,baseline_check,train,196,42,easy,5,5,0.1,0.95,0.07487792862051632,default,50,3.0,8,1,1,0,0,0.0007355999987339601,
baseline_check_42_2d339d2e,baseline_check,train,197,42,easy,5,5,0.1,0.95,0.07450353897741373,default,50,3.0,8,1,1,0,0,0.0006680000005871989,
baseline_check_42_2d339d2e,baseline_check,train,198,42,easy,5,5,0.1,0.95,0.07413102128252666,default,50,2.0,9,1,1,0,0,0.0007617999945068732,
baseline_check_42_2d339d2e,baseline_check,train,199,42,easy,5,5,0.1,0.95,0.07376036617611402,default,50,-2.0,13,1,1,0,0,0.0010254000007989816,
baseline_check_42_2d339d2e,baseline_check,train,200,42,easy,5,5,0.1,0.95,0.07339156434523345,default,50,3.0,8,1,1,0,0,0.0008431000023847446,
baseline_check_42_2d339d2e,baseline_check,train,201,42,easy,5,5,0.1,0.95,0.07302460652350727,default,50,1.0,10,1,1,0,0,0.000836499995784834,
baseline_check_42_2d339d2e,baseline_check,train,202,42,easy,5,5,0.1,0.95,0.07265948349088973,default,50,3.0,8,1,1,0,0,0.0006699000005028211,
baseline_check_42_2d339d2e,baseline_check,train,203,42,easy,5,5,0.1,0.95,0.07229618607343528,default,50,2.0,9,1,1,0,0,0.0008951999989221804,
baseline_check_42_2d339d2e,baseline_check,train,204,42,easy,5,5,0.1,0.95,0.0719347051430681,default,50,3.0,8,1,1,0,0,0.000894799995876383,
baseline_check_42_2d339d2e,baseline_check,train,205,42,easy,5,5,0.1,0.95,0.07157503161735276,default,50,3.0,8,1,1,0,0,0.000738800001272466,
baseline_check_42_2d339d2e,baseline_check,train,206,42,easy,5,5,0.1,0.95,0.071217156459266,default,50,1.0,10,1,1,0,0,0.0007901999997557141,
baseline_check_42_2d339d2e,baseline_check,train,207,42,easy,5,5,0.1,0.95,0.07086107067696967,default,50,3.0,8,1,1,0,0,0.0006869999997434206,
baseline_check_42_2d339d2e,baseline_check,train,208,42,easy,5,5,0.1,0.95,0.07050676532358482,default,50,3.0,8,1,1,0,0,0.0006474999972851947,
baseline_check_42_2d339d2e,baseline_check,train,209,42,easy,5,5,0.1,0.95,0.0701542314969669,default,50,3.0,8,1,1,0,0,0.0007560000012745149,
baseline_check_42_2d339d2e,baseline_check,train,210,42,easy,5,5,0.1,0.95,0.06980346033948207,default,50,3.0,8,1,1,0,0,0.0006596999955945648,
baseline_check_42_2d339d2e,baseline_check,train,211,42,easy,5,5,0.1,0.95,0.06945444303778466,default,50,3.0,8,1,1,0,0,0.0006299999949987978,
baseline_check_42_2d339d2e,baseline_check,train,212,42,easy,5,5,0.1,0.95,0.06910717082259574,default,50,2.0,9,1,1,0,0,0.0007053000008454546,
baseline_check_42_2d339d2e,baseline_check,train,213,42,easy,5,5,0.1,0.95,0.06876163496848275,default,50,3.0,8,1,1,0,0,0.0006518000009236857,
baseline_check_42_2d339d2e,baseline_check,train,214,42,easy,5,5,0.1,0.95,0.06841782679364034,default,50,3.0,8,1,1,0,0,0.0006533999985549599,
baseline_check_42_2d339d2e,baseline_check,train,215,42,easy,5,5,0.1,0.95,0.06807573765967213,default,50,3.0,8,1,1,0,0,0.000669599998218473,
baseline_check_42_2d339d2e,baseline_check,train,216,42,easy,5,5,0.1,0.95,0.06773535897137377,default,50,3.0,8,1,1,0,0,0.0006124999999883585,
baseline_check_42_2d339d2e,baseline_check,train,217,42,easy,5,5,0.1,0.95,0.0673966821765169,default,50,3.0,8,1,1,0,0,0.0006433000016841106,
baseline_check_42_2d339d2e,baseline_check,train,218,42,easy,5,5,0.1,0.95,0.0670596987656343,default,50,3.0,8,1,1,0,0,0.0006423000013455749,
baseline_check_42_2d339d2e,baseline_check,train,219,42,easy,5,5,0.1,0.95,0.06672440027180614,default,50,1.0,10,1,1,0,0,0.0007501000000047497,
baseline_check_42_2d339d2e,baseline_check,train,220,42,easy,5,5,0.1,0.95,0.0663907782704471,default,50,3.0,8,1,1,0,0,0.0006453999958466738,
baseline_check_42_2d339d2e,baseline_check,train,221,42,easy,5,5,0.1,0.95,0.06605882437909487,default,50,3.0,8,1,1,0,0,0.0006523999982164241,
baseline_check_42_2d339d2e,baseline_check,train,222,42,easy,5,5,0.1,0.95,0.0657285302571994,default,50,3.0,8,1,1,0,0,0.0006683000028715469,
baseline_check_42_2d339d2e,baseline_check,train,223,42,easy,5,5,0.1,0.95,0.06539988760591339,default,50,3.0,8,1,1,0,0,0.0006450999935623258,
baseline_check_42_2d339d2e,baseline_check,train,224,42,easy,5,5,0.1,0.95,0.06507288816788383,default,50,3.0,8,1,1,0,0,0.0005954000007477589,
baseline_check_42_2d339d2e,baseline_check,train,225,42,easy,5,5,0.1,0.95,0.06474752372704441,default,50,0.0,11,1,1,0,0,0.0007977999994182028,
baseline_check_42_2d339d2e,baseline_check,train,226,42,easy,5,5,0.1,0.95,0.0644237861084092,default,50,2.0,9,1,1,0,0,0.0007203999994089827,
baseline_check_42_2d339d2e,baseline_check,train,227,42,easy,5,5,0.1,0.95,0.06410166717786715,default,50,3.0,8,1,1,0,0,0.0006758000017725863,
baseline_check_42_2d339d2e,baseline_check,train,228,42,easy,5,5,0.1,0.95,0.06378115884197781,default,50,0.0,11,1,1,0,0,0.0010096000041812658,
baseline_check_42_2d339d2e,baseline_check,train,229,42,easy,5,5,0.1,0.95,0.06346225304776792,default,50,1.0,10,1,1,0,0,0.0007846000007702969,
baseline_check_42_2d339d2e,baseline_check,train,230,42,easy,5,5,0.1,0.95,0.06314494178252908,default,50,3.0,8,1,1,0,0,0.0006708000000799075,
baseline_check_42_2d339d2e,baseline_check,train,231,42,easy,5,5,0.1,0.95,0.06282921707361644,default,50,1.0,10,1,1,0,0,0.0007302000012714416,
baseline_check_42_2d339d2e,baseline_check,train,232,42,easy,5,5,0.1,0.95,0.06251507098824835,default,50,1.0,10,1,1,0,0,0.0007560000012745149,
baseline_check_42_2d339d2e,baseline_check,train,233,42,easy,5,5,0.1,0.95,0.062202495633307105,default,50,3.0,8,1,1,0,0,0.0006377999961841851,
baseline_check_42_2d339d2e,baseline_check,train,234,42,easy,5,5,0.1,0.95,0.06189148315514057,default,50,3.0,8,1,1,0,0,0.0006399000048986636,
baseline_check_42_2d339d2e,baseline_check,train,235,42,easy,5,5,0.1,0.95,0.061582025739364867,default,50,3.0,8,1,1,0,0,0.0006391999995685183,
baseline_check_42_2d339d2e,baseline_check,train,236,42,easy,5,5,0.1,0.95,0.06127411561066804,default,50,3.0,8,1,1,0,0,0.0006170999986352399,
baseline_check_42_2d339d2e,baseline_check,train,237,42,easy,5,5,0.1,0.95,0.0609677450326147,default,50,2.0,9,1,1,0,0,0.0007315999973798171,
baseline_check_42_2d339d2e,baseline_check,train,238,42,easy,5,5,0.1,0.95,0.06066290630745162,default,50,3.0,8,1,1,0,0,0.000767400000768248,
baseline_check_42_2d339d2e,baseline_check,train,239,42,easy,5,5,0.1,0.95,0.060359591775914365,default,50,1.0,10,1,1,0,0,0.00077449999662349,
baseline_check_42_2d339d2e,baseline_check,train,240,42,easy,5,5,0.1,0.95,0.06005779381703479,default,50,3.0,8,1,1,0,0,0.0006372999996528961,
baseline_check_42_2d339d2e,baseline_check,train,241,42,easy,5,5,0.1,0.95,0.059757504847949616,default,50,3.0,8,1,1,0,0,0.0006100999962654896,
baseline_check_42_2d339d2e,baseline_check,train,242,42,easy,5,5,0.1,0.95,0.059458717323709866,default,50,-1.0,12,1,1,0,0,0.0008524000004399568,
baseline_check_42_2d339d2e,baseline_check,train,243,42,easy,5,5,0.1,0.95,0.059161423737091316,default,50,1.0,10,1,1,0,0,0.0010773000030894764,
baseline_check_42_2d339d2e,baseline_check,train,244,42,easy,5,5,0.1,0.95,0.05886561661840586,default,50,3.0,8,1,1,0,0,0.0008824999968055636,
baseline_check_42_2d339d2e,baseline_check,train,245,42,easy,5,5,0.1,0.95,0.05857128853531383,default,50,3.0,8,1,1,0,0,0.0009674000029917806,
baseline_check_42_2d339d2e,baseline_check,train,246,42,easy,5,5,0.1,0.95,0.05827843209263726,default,50,3.0,8,1,1,0,0,0.001043500000378117,
baseline_check_42_2d339d2e,baseline_check,train,247,42,easy,5,5,0.1,0.95,0.05798703993217407,default,50,1.0,10,1,1,0,0,0.0007895999951870181,
baseline_check_42_2d339d2e,baseline_check,train,248,42,easy,5,5,0.1,0.95,0.0576971047325132,default,50,3.0,8,1,1,0,0,0.0006623000008403324,
baseline_check_42_2d339d2e,baseline_check,train,249,42,easy,5,5,0.1,0.95,0.05740861920885063,default,50,0.0,11,1,1,0,0,0.0007865000006859191,
baseline_check_42_2d339d2e,baseline_check,train,250,42,easy,5,5,0.1,0.95,0.057121576112806376,default,50,3.0,8,1,1,0,0,0.0006376999954227358,outputs\baseline_check\qtable_ep250.npz
baseline_check_42_2d339d2e,baseline_check,train,251,42,easy,5,5,0.1,0.95,0.056835968232242344,default,50,1.0,10,1,1,0,0,0.0009343999990960583,
baseline_check_42_2d339d2e,baseline_check,train,252,42,easy,5,5,0.1,0.95,0.05655178839108113,default,50,3.0,8,1,1,0,0,0.0006586999952560291,
baseline_check_42_2d339d2e,baseline_check,train,253,42,easy,5,5,0.1,0.95,0.05626902944912573,default,50,2.0,9,1,1,0,0,0.0008530000050086528,
baseline_check_42_2d339d2e,baseline_check,train,254,42,easy,5,5,0.1,0.95,0.0559876843018801,default,50,3.0,8,1,1,0,0,0.0006585999944945797,
baseline_check_42_2d339d2e,baseline_check,train,255,42,easy,5,5,0.1,0.95,0.055707745880370696,default,50,3.0,8,1,1,0,0,0.000625599997874815,
baseline_check_42_2d339d2e,baseline_check,train,256,42,easy,5,5,0.1,0.95,0.05542920715096884,default,50,2.0,9,1,1,0,0,0.0006704999977955595,
baseline_check_42_2d339d2e,baseline_check,train,257,42,easy,5,5,0.1,0.95,0.055152061115214,default,50,3.0,8,1,1,0,0,0.0005769000053987838,
baseline_check_42_2d339d2e,baseline_check,train,258,42,easy,5,5,0.1,0.95,0.05487630080963793,default,50,-1.0,12,1,1,0,0,0.0007918999981484376,
baseline_check_42_2d339d2e,baseline_check,train,259,42,easy,5,5,0.1,0.95,0.05460191930558974,default,50,3.0,8,1,1,0,0,0.0006248999998206273,
baseline_check_42_2d339d2e,baseline_check,train,260,42,easy,5,5,0.1,0.95,0.05432890970906179,default,50,3.0,8,1,1,0,0,0.0006056999991415069,
baseline_check_42_2d339d2e,baseline_check,train,261,42,easy,5,5,0.1,0.95,0.05405726516051648,default,50,3.0,8,1,1,0,0,0.0005923999997321516,
baseline_check_42_2d339d2e,baseline_check,train,262,42,easy,5,5,0.1,0.95,0.0537869788347139,default,50,3.0,8,1,1,0,0,0.0006648999988101423,
baseline_check_42_2d339d2e,baseline_check,train,263,42,easy,5,5,0.1,0.95,0.053518043940540334,default,50,2.0,9,1,1,0,0,0.0006334999998216517,
baseline_check_42_2d339d2e,baseline_check,train,264,42,easy,5,5,0.1,0.95,0.053250453720837636,default,50,3.0,8,1,1,0,0,0.0005952999999863096,
baseline_check_42_2d339d2e,baseline_check,train,265,42,easy,5,5,0.1,0.95,0.05298420145223345,default,50,3.0,8,1,1,0,0,0.0005830000009154901,
baseline_check_42_2d339d2e,baseline_check,train,266,42,easy,5,5,0.1,0.95,0.05271928044497228,default,50,3.0,8,1,1,0,0,0.0007293999951798469,
baseline_check_42_2d339d2e,baseline_check,train,267,42,easy,5,5,0.1,0.95,0.05245568404274742,default,50,1.0,10,1,1,0,0,0.000745899997127708,
baseline_check_42_2d339d2e,baseline_check,train,268,42,easy,5,5,0.1,0.95,0.05219340562253368,default,50,3.0,8,1,1,0,0,0.0006364999935613014,
baseline_check_42_2d339d2e,baseline_check,train,269,42,easy,5,5,0.1,0.95,0.05193243859442102,default,50,3.0,8,1,1,0,0,0.0006055999983800575,
baseline_check_42_2d339d2e,baseline_check,train,270,42,easy,5,5,0.1,0.95,0.05167277640144891,default,50,3.0,8,1,1,0,0,0.0006131999980425462,
baseline_check_42_2d339d2e,baseline_check,train,271,42,easy,5,5,0.1,0.95,0.05141441251944167,default,50,3.0,8,1,1,0,0,0.0006004000024404377,
baseline_check_42_2d339d2e,baseline_check,train,272,42,easy,5,5,0.1,0.95,0.05115734045684446,default,50,3.0,8,1,1,0,0,0.0005740999986301176,
baseline_check_42_2d339d2e,baseline_check,train,273,42,easy,5,5,0.1,0.95,0.050901553754560236,default,50,3.0,8,1,1,0,0,0.0005799999998998828,
baseline_check_42_2d339d2e,baseline_check,train,274,42,easy,5,5,0.1,0.95,0.05064704598578743,default,50,3.0,8,1,1,0,0,0.0005478000020957552,
baseline_check_42_2d339d2e,baseline_check,train,275,42,easy,5,5,0.1,0.95,0.0503938107558585,default,50,3.0,8,1,1,0,0,0.000567900002351962,
baseline_check_42_2d339d2e,baseline_check,train,276,42,easy,5,5,0.1,0.95,0.05014184170207921,default,50,3.0,8,1,1,0,0,0.0005432999969343655,
baseline_check_42_2d339d2e,baseline_check,train,277,42,easy,5,5,0.1,0.95,0.05,default,50,3.0,8,1,1,0,0,0.0005671999970218167,
baseline_check_42_2d339d2e,baseline_check,train,278,42,easy,5,5,0.1,0.95,0.05,default,50,3.0,8,1,1,0,0,0.0005658000009134412,
baseline_check_42_2d339d2e,baseline_check,train,279,42,easy,5,5,0.1,0.95,0.05,default,50,3.0,8,1,1,0,0,0.0005804000029456802,
baseline_check_42_2d339d2e,baseline_check,train,280,42,easy,5,5,0.1,0.95,0.05,default,50,1.0,10,1,1,0,0,0.0006635000027017668,
baseline_check_42_2d339d2e,baseline_check,train,281,42,easy,5,5,0.1,0.95,0.05,default,50,3.0,8,1,1,0,0,0.00056080000649672,
baseline_check_42_2d339d2e,baseline_check,train,282,42,easy,5,5,0.1,0.95,0.05,default,50,3.0,8,1,1,0,0,0.0005581000004895031,
baseline_check_42_2d339d2e,baseline_check,train,283,42,easy,5,5,0.1,0.95,0.05,default,50,3.0,8,1,1,0,0,0.0007226000016089529,
baseline_check_42_2d339d2e,baseline_check,train,284,42,easy,5,5,0.1,0.95,0.05,default,50,3.0,8,1,1,0,0,0.0005718999964301474,
baseline_check_42_2d339d2e,baseline_check,train,285,42,easy,5,5,0.1,0.95,0.05,default,50,3.0,8,1,1,0,0,0.0005540999991353601,
baseline_check_42_2d339d2e,baseline_check,train,286,42,easy,5,5,0.1,0.95,0.05,default,50,-1.0,12,1,1,0,0,0.0007053999943309464,
baseline_check_42_2d339d2e,baseline_check,train,287,42,easy,5,5,0.1,0.95,0.05,default,50,3.0,8,1,1,0,0,0.0005587999985436909,
baseline_check_42_2d339d2e,baseline_check,train,288,42,easy,5,5,0.1,0.95,0.05,default,50,3.0,8,1,1,0,0,0.0005480999971041456,
baseline_check_42_2d339d2e,baseline_check,train,289,42,easy,5,5,0.1,0.95,0.05,default,50,3.0,8,1,1,0,0,0.0005552000002353452,
baseline_check_42_2d339d2e,baseline_check,train,290,42,easy,5,5,0.1,0.95,0.05,default,50,3.0,8,1,1,0,0,0.0005442999972729012,
baseline_check_42_2d339d2e,baseline_check,train,291,42,easy,5,5,0.1,0.95,0.05,default,50,3.0,8,1,1,0,0,0.0005333000008249655,
baseline_check_42_2d339d2e,baseline_check,train,292,42,easy,5,5,0.1,0.95,0.05,default,50,3.0,8,1,1,0,0,0.0005573000016738661,
baseline_check_42_2d339d2e,baseline_check,train,293,42,easy,5,5,0.1,0.95,0.05,default,50,3.0,8,1,1,0,0,0.0005872000037925318,
baseline_check_42_2d339d2e,baseline_check,train,294,42,easy,5,5,0.1,0.95,0.05,default,50,3.0,8,1,1,0,0,0.0005607000057352707,
baseline_check_42_2d339d2e,baseline_check,train,295,42,easy,5,5,0.1,0.95,0.05,default,50,3.0,8,1,1,0,0,0.0005497000020113774,
baseline_check_42_2d339d2e,baseline_check,train,296,42,easy,5,5,0.1,0.95,0.05,default,50,3.0,8,1,1,0,0,0.0006298000007518567,
baseline_check_42_2d339d2e,baseline_check,train,297,42,easy,5,5,0.1,0.95,0.05,default,50,3.0,8,1,1,0,0,0.0005530999987968244,
baseline_check_42_2d339d2e,baseline_check,train,298,42,easy,5,5,0.1,0.95,0.05,default,50,2.0,9,1,1,0,0,0.0005691999976988882,
baseline_check_42_2d339d2e,baseline_check,train,299,42,easy,5,5,0.1,0.95,0.05,default,50,0.0,11,1,1,0,0,0.0006605000016861595,
baseline_check_42_2d339d2e,baseline_check,train,300,42,easy,5,5,0.1,0.95,0.05,default,50,3.0,8,1,1,0,0,0.000535300001502037,
baseline_check_42_2d339d2e,baseline_check,train,301,42,easy,5,5,0.1,0.95,0.05,default,50,3.0,8,1,1,0,0,0.0005564000020967796,
baseline_check_42_2d339d2e,baseline_check,train,302,42,easy,5,5,0.1,0.95,0.05,default,50,3.0,8,1,1,0,0,0.0006556000007549301,
baseline_check_42_2d339d2e,baseline_check,train,303,42,easy,5,5,0.1,0.95,0.05,default,50,3.0,8,1,1,0,0,0.0005564000020967796,
baseline_check_42_2d339d2e,baseline_check,train,304,42,easy,5,5,0.1,0.95,0.05,default,50,3.0,8,1,1,0,0,0.0005381000009947456,
baseline_check_42_2d339d2e,baseline_check,train,305,42,easy,5,5,0.1,0.95,0.05,default,50,3.0,8,1,1,0,0,0.0005175999976927415,
baseline_check_42_2d339d2e,baseline_check,train,306,42,easy,5,5,0.1,0.95,0.05,default,50,2.0,9,1,1,0,0,0.0005434000049717724,
baseline_check_42_2d339d2e,baseline_check,train,307,42,easy,5,5,0.1,0.95,0.05,default,50,0.0,11,1,1,0,0,0.0006286000061663799,
baseline_check_42_2d339d2e,baseline_check,train,308,42,easy,5,5,0.1,0.95,0.05,default,50,3.0,8,1,1,0,0,0.0004902000000583939,
baseline_check_42_2d339d2e,baseline_check,train,309,42,easy,5,5,0.1,0.95,0.05,default,50,3.0,8,1,1,0,0,0.0005040999967604876,
baseline_check_42_2d339d2e,baseline_check,train,310,42,easy,5,5,0.1,0.95,0.05,default,50,3.0,8,1,1,0,0,0.0005037000009906478,
baseline_check_42_2d339d2e,baseline_check,train,311,42,easy,5,5,0.1,0.95,0.05,default,50,3.0,8,1,1,0,0,0.0005042999982833862,
baseline_check_42_2d339d2e,baseline_check,train,312,42,easy,5,5,0.1,0.95,0.05,default,50,3.0,8,1,1,0,0,0.0005075000008218922,
baseline_check_42_2d339d2e,baseline_check,train,313,42,easy,5,5,0.1,0.95,0.05,default,50,3.0,8,1,1,0,0,0.0005050000036135316,
baseline_check_42_2d339d2e,baseline_check,train,314,42,easy,5,5,0.1,0.95,0.05,default,50,3.0,8,1,1,0,0,0.0005829000001540408,
baseline_check_42_2d339d2e,baseline_check,train,315,42,easy,5,5,0.1,0.95,0.05,default,50,3.0,8,1,1,0,0,0.0005113000006531365,
baseline_check_42_2d339d2e,baseline_check,train,316,42,easy,5,5,0.1,0.95,0.05,default,50,3.0,8,1,1,0,0,0.0005017000003135763,
baseline_check_42_2d339d2e,baseline_check,train,317,42,easy,5,5,0.1,0.95,0.05,default,50,3.0,8,1,1,0,0,0.000494200001412537,
baseline_check_42_2d339d2e,baseline_check,train,318,42,easy,5,5,0.1,0.95,0.05,default,50,3.0,8,1,1,0,0,0.000500999994983431,
baseline_check_42_2d339d2e,baseline_check,train,319,42,easy,5,5,0.1,0.95,0.05,default,50,3.0,8,1,1,0,0,0.0004981999954907224,
baseline_check_42_2d339d2e,baseline_check,train,320,42,easy,5,5,0.1,0.95,0.05,default,50,3.0,8,1,1,0,0,0.0004893000004813075,
baseline_check_42_2d339d2e,baseline_check,train,321,42,easy,5,5,0.1,0.95,0.05,default,50,3.0,8,1,1,0,0,0.000490999998874031,
baseline_check_42_2d339d2e,baseline_check,train,322,42,easy,5,5,0.1,0.95,0.05,default,50,3.0,8,1,1,0,0,0.00046550000115530565,
baseline_check_42_2d339d2e,baseline_check,train,323,42,easy,5,5,0.1,0.95,0.05,default,50,3.0,8,1,1,0,0,0.000487299999804236,
baseline_check_42_2d339d2e,baseline_check,train,324,42,easy,5,5,0.1,0.95,0.05,default,50,2.0,9,1,1,0,0,0.0005332000000635162,
baseline_check_42_2d339d2e,baseline_check,train,325,42,easy,5,5,0.1,0.95,0.05,default,50,3.0,8,1,1,0,0,0.0004970000009052455,
baseline_check_42_2d339d2e,baseline_check,train,326,42,easy,5,5,0.1,0.95,0.05,default,50,3.0,8,1,1,0,0,0.0004938000056426972,
baseline_check_42_2d339d2e,baseline_check,train,327,42,easy,5,5,0.1,0.95,0.05,default,50,3.0,8,1,1,0,0,0.0004917999976896681,
baseline_check_42_2d339d2e,baseline_check,train,328,42,easy,5,5,0.1,0.95,0.05,default,50,3.0,8,1,1,0,0,0.00048550000065006316,
baseline_check_42_2d339d2e,baseline_check,train,329,42,easy,5,5,0.1,0.95,0.05,default,50,3.0,8,1,1,0,0,0.00047790000098757446,
baseline_check_42_2d339d2e,baseline_check,train,330,42,easy,5,5,0.1,0.95,0.05,default,50,3.0,8,1,1,0,0,0.0004808000012417324,
baseline_check_42_2d339d2e,baseline_check,train,331,42,easy,5,5,0.1,0.95,0.05,default,50,2.0,9,1,1,0,0,0.0005157999985385686,
baseline_check_42_2d339d2e,baseline_check,train,332,42,easy,5,5,0.1,0.95,0.05,default,50,3.0,8,1,1,0,0,0.0005000000019208528,
baseline_check_42_2d339d2e,baseline_check,train,333,42,easy,5,5,0.1,0.95,0.05,default,50,3.0,8,1,1,0,0,0.0004964000036125071,
baseline_check_42_2d339d2e,baseline_check,train,334,42,easy,5,5,0.1,0.95,0.05,default,50,3.0,8,1,1,0,0,0.0005144999959156848,
baseline_check_42_2d339d2e,baseline_check,train,335,42,easy,5,5,0.1,0.95,0.05,default,50,3.0,8,1,1,0,0,0.0005202999964240007,
baseline_check_42_2d339d2e,baseline_check,train,336,42,easy,5,5,0.1,0.95,0.05,default,50,3.0,8,1,1,0,0,0.0005070999977760948,
baseline_check_42_2d339d2e,baseline_check,train,337,42,easy,5,5,0.1,0.95,0.05,default,50,3.0,8,1,1,0,0,0.0005090000049676746,
baseline_check_42_2d339d2e,baseline_check,train,338,42,easy,5,5,0.1,0.95,0.05,default,50,3.0,8,1,1,0,0,0.0004994999981136061,
baseline_check_42_2d339d2e,baseline_check,train,339,42,easy,5,5,0.1,0.95,0.05,default,50,0.0,11,1,1,0,0,0.0006187000035424717,
baseline_check_42_2d339d2e,baseline_check,train,340,42,easy,5,5,0.1,0.95,0.05,default,50,1.0,10,1,1,0,0,0.0006934999983059242,
baseline_check_42_2d339d2e,baseline_check,train,341,42,easy,5,5,0.1,0.95,0.05,default,50,3.0,8,1,1,0,0,0.0005028999948990531,
baseline_check_42_2d339d2e,baseline_check,train,342,42,easy,5,5,0.1,0.95,0.05,default,50,2.0,9,1,1,0,0,0.0005281000048853457,
baseline_check_42_2d339d2e,baseline_check,train,343,42,easy,5,5,0.1,0.95,0.05,default,50,3.0,8,1,1,0,0,0.0004905999958282337,
baseline_check_42_2d339d2e,baseline_check,train,344,42,easy,5,5,0.1,0.95,0.05,default,50,3.0,8,1,1,0,0,0.0004898999977740459,
baseline_check_42_2d339d2e,baseline_check,train,345,42,easy,5,5,0.1,0.95,0.05,default,50,3.0,8,1,1,0,0,0.0004811000035260804,
baseline_check_42_2d339d2e,baseline_check,train,346,42,easy,5,5,0.1,0.95,0.05,default,50,3.0,8,1,1,0,0,0.000484200005303137,
baseline_check_42_2d339d2e,baseline_check,train,347,42,easy,5,5,0.1,0.95,0.05,default,50,3.0,8,1,1,0,0,0.0004816999935428612,
baseline_check_42_2d339d2e,baseline_check,train,348,42,easy,5,5,0.1,0.95,0.05,default,50,3.0,8,1,1,0,0,0.00045680000039283186,
baseline_check_42_2d339d2e,baseline_check,train,349,42,easy,5,5,0.1,0.95,0.05,default,50,3.0,8,1,1,0,0,0.000501299997267779,
baseline_check_42_2d339d2e,baseline_check,train,350,42,easy,5,5,0.1,0.95,0.05,default,50,3.0,8,1,1,0,0,0.00046830000064801425,
baseline_check_42_2d339d2e,baseline_check,train,351,42,easy,5,5,0.1,0.95,0.05,default,50,2.0,9,1,1,0,0,0.0005130999998073094,
baseline_check_42_2d339d2e,baseline_check,train,352,42,easy,5,5,0.1,0.95,0.05,default,50,2.0,9,1,1,0,0,0.0005149000062374398,
baseline_check_42_2d339d2e,baseline_check,train,353,42,easy,5,5,0.1,0.95,0.05,default,50,3.0,8,1,1,0,0,0.0005517999961739406,
baseline_check_42_2d339d2e,baseline_check,train,354,42,easy,5,5,0.1,0.95,0.05,default,50,3.0,8,1,1,0,0,0.0005053999993833713,
baseline_check_42_2d339d2e,baseline_check,train,355,42,easy,5,5,0.1,0.95,0.05,default,50,1.0,10,1,1,0,0,0.0005467000009957701,
baseline_check_42_2d339d2e,baseline_check,train,356,42,easy,5,5,0.1,0.95,0.05,default,50,3.0,8,1,1,0,0,0.0004852999991271645,
baseline_check_42_2d339d2e,baseline_check,train,357,42,easy,5,5,0.1,0.95,0.05,default,50,3.0,8,1,1,0,0,0.00047500000073341653,
baseline_check_42_2d339d2e,baseline_check,train,358,42,easy,5,5,0.1,0.95,0.05,default,50,2.0,9,1,1,0,0,0.0005043999990448356,
baseline_check_42_2d339d2e,baseline_check,train,359,42,easy,5,5,0.1,0.95,0.05,default,50,3.0,8,1,1,0,0,0.000446999998530373,
baseline_check_42_2d339d2e,baseline_check,train,360,42,easy,5,5,0.1,0.95,0.05,default,50,3.0,8,1,1,0,0,0.0004715000031865202,
baseline_check_42_2d339d2e,baseline_check,train,361,42,easy,5,5,0.1,0.95,0.05,default,50,3.0,8,1,1,0,0,0.0004804999989573844,
baseline_check_42_2d339d2e,baseline_check,train,362,42,easy,5,5,0.1,0.95,0.05,default,50,2.0,9,1,1,0,0,0.0004870000047958456,
baseline_check_42_2d339d2e,baseline_check,train,363,42,easy,5,5,0.1,0.95,0.05,default,50,3.0,8,1,1,0,0,0.0006423999948310666,
baseline_check_42_2d339d2e,baseline_check,train,364,42,easy,5,5,0.1,0.95,0.05,default,50,3.0,8,1,1,0,0,0.0005440999957500026,
baseline_check_42_2d339d2e,baseline_check,train,365,42,easy,5,5,0.1,0.95,0.05,default,50,3.0,8,1,1,0,0,0.0005066000012448058,
baseline_check_42_2d339d2e,baseline_check,train,366,42,easy,5,5,0.1,0.95,0.05,default,50,3.0,8,1,1,0,0,0.0004957000055583194,
baseline_check_42_2d339d2e,baseline_check,train,367,42,easy,5,5,0.1,0.95,0.05,default,50,3.0,8,1,1,0,0,0.00046129999827826396,
baseline_check_42_2d339d2e,baseline_check,train,368,42,easy,5,5,0.1,0.95,0.05,default,50,3.0,8,1,1,0,0,0.0004697999975178391,
baseline_check_42_2d339d2e,baseline_check,train,369,42,easy,5,5,0.1,0.95,0.05,default,50,3.0,8,1,1,0,0,0.0004661999992094934,
baseline_check_42_2d339d2e,baseline_check,train,370,42,easy,5,5,0.1,0.95,0.05,default,50,3.0,8,1,1,0,0,0.0004486999969230965,
baseline_check_42_2d339d2e,baseline_check,train,371,42,easy,5,5,0.1,0.95,0.05,default,50,2.0,9,1,1,0,0,0.0004776999994646758,
baseline_check_42_2d339d2e,baseline_check,train,372,42,easy,5,5,0.1,0.95,0.05,default,50,3.0,8,1,1,0,0,0.0004727000050479546,
baseline_check_42_2d339d2e,baseline_check,train,373,42,easy,5,5,0.1,0.95,0.05,default,50,3.0,8,1,1,0,0,0.0004450999986147508,
baseline_check_42_2d339d2e,baseline_check,train,374,42,easy,5,5,0.1,0.95,0.05,default,50,3.0,8,1,1,0,0,0.0004597000006469898,
baseline_check_42_2d339d2e,baseline_check,train,375,42,easy,5,5,0.1,0.95,0.05,default,50,3.0,8,1,1,0,0,0.00044239999988349155,
baseline_check_42_2d339d2e,baseline_check,train,376,42,easy,5,5,0.1,0.95,0.05,default,50,3.0,8,1,1,0,0,0.0004454000008990988,
baseline_check_42_2d339d2e,baseline_check,train,377,42,easy,5,5,0.1,0.95,0.05,default,50,3.0,8,1,1,0,0,0.0004650000046240166,
baseline_check_42_2d339d2e,baseline_check,train,378,42,easy,5,5,0.1,0.95,0.05,default,50,2.0,9,1,1,0,0,0.0006715999988955446,
baseline_check_42_2d339d2e,baseline_check,train,379,42,easy,5,5,0.1,0.95,0.05,default,50,3.0,8,1,1,0,0,0.0004963000028510578,
baseline_check_42_2d339d2e,baseline_check,train,380,42,easy,5,5,0.1,0.95,0.05,default,50,3.0,8,1,1,0,0,0.0004724000027636066,
baseline_check_42_2d339d2e,baseline_check,train,381,42,easy,5,5,0.1,0.95,0.05,default,50,3.0,8,1,1,0,0,0.00044219999836059287,
baseline_check_42_2d339d2e,baseline_check,train,382,42,easy,5,5,0.1,0.95,0.05,default,50,3.0,8,1,1,0,0,0.0004775000052177347,
baseline_check_42_2d339d2e,baseline_check,train,383,42,easy,5,5,0.1,0.95,0.05,default,50,3.0,8,1,1,0,0,0.00046350000047823414,
baseline_check_42_2d339d2e,baseline_check,train,384,42,easy,5,5,0.1,0.95,0.05,default,50,3.0,8,1,1,0,0,0.0004790999955730513,
baseline_check_42_2d339d2e,baseline_check,train,385,42,easy,5,5,0.1,0.95,0.05,default,50,3.0,8,1,1,0,0,0.0004625000001396984,
baseline_check_42_2d339d2e,baseline_check,train,386,42,easy,5,5,0.1,0.95,0.05,default,50,2.0,9,1,1,0,0,0.00047340000310214236,
baseline_check_42_2d339d2e,baseline_check,train,387,42,easy,5,5,0.1,0.95,0.05,default,50,1.0,10,1,1,0,0,0.0005485000001499429,
baseline_check_42_2d339d2e,baseline_check,train,388,42,easy,5,5,0.1,0.95,0.05,default,50,2.0,9,1,1,0,0,0.0004935000033583492,
baseline_check_42_2d339d2e,baseline_check,train,389,42,easy,5,5,0.1,0.95,0.05,default,50,3.0,8,1,1,0,0,0.0004382999977678992,
baseline_check_42_2d339d2e,baseline_check,train,390,42,easy,5,5,0.1,0.95,0.05,default,50,3.0,8,1,1,0,0,0.00045819999650120735,
baseline_check_42_2d339d2e,baseline_check,train,391,42,easy,5,5,0.1,0.95,0.05,default,50,3.0,8,1,1,0,0,0.00045400000090012327,
baseline_check_42_2d339d2e,baseline_check,train,392,42,easy,5,5,0.1,0.95,0.05,default,50,3.0,8,1,1,0,0,0.00045339999633142725,
baseline_check_42_2d339d2e,baseline_check,train,393,42,easy,5,5,0.1,0.95,0.05,default,50,3.0,8,1,1,0,0,0.00045170000521466136,
baseline_check_42_2d339d2e,baseline_check,train,394,42,easy,5,5,0.1,0.95,0.05,default,50,3.0,8,1,1,0,0,0.00046270000166259706,
baseline_check_42_2d339d2e,baseline_check,train,395,42,easy,5,5,0.1,0.95,0.05,default,50,3.0,8,1,1,0,0,0.0010253000000375323,
baseline_check_42_2d339d2e,baseline_check,train,396,42,easy,5,5,0.1,0.95,0.05,default,50,3.0,8,1,1,0,0,0.0005644999982905574,
baseline_check_42_2d339d2e,baseline_check,train,397,42,easy,5,5,0.1,0.95,0.05,default,50,3.0,8,1,1,0,0,0.0005146999974385835,
baseline_check_42_2d339d2e,baseline_check,train,398,42,easy,5,5,0.1,0.95,0.05,default,50,0.0,11,1,1,0,0,0.0006001000001560897,
baseline_check_42_2d339d2e,baseline_check,train,399,42,easy,5,5,0.1,0.95,0.05,default,50,3.0,8,1,1,0,0,0.0005300999982864596,
baseline_check_42_2d339d2e,baseline_check,train,400,42,easy,5,5,0.1,0.95,0.05,default,50,3.0,8,1,1,0,0,0.000607900001341477,
baseline_check_42_2d339d2e,baseline_check,train,401,42,easy,5,5,0.1,0.95,0.05,default,50,1.0,10,1,1,0,0,0.0005996000036248006,
baseline_check_42_2d339d2e,baseline_check,train,402,42,easy,5,5,0.1,0.95,0.05,default,50,3.0,8,1,1,0,0,0.00046239999937824905,
baseline_check_42_2d339d2e,baseline_check,train,403,42,easy,5,5,0.1,0.95,0.05,default,50,3.0,8,1,1,0,0,0.0004715999966720119,
baseline_check_42_2d339d2e,baseline_check,train,404,42,easy,5,5,0.1,0.95,0.05,default,50,3.0,8,1,1,0,0,0.0004676000025938265,
baseline_check_42_2d339d2e,baseline_check,train,405,42,easy,5,5,0.1,0.95,0.05,default,50,3.0,8,1,1,0,0,0.0006336000005831011,
baseline_check_42_2d339d2e,baseline_check,train,406,42,easy,5,5,0.1,0.95,0.05,default,50,3.0,8,1,1,0,0,0.0005218000005697832,
baseline_check_42_2d339d2e,baseline_check,train,407,42,easy,5,5,0.1,0.95,0.05,default,50,3.0,8,1,1,0,0,0.00047869999980321154,
baseline_check_42_2d339d2e,baseline_check,train,408,42,easy,5,5,0.1,0.95,0.05,default,50,3.0,8,1,1,0,0,0.0004817000008188188,
baseline_check_42_2d339d2e,baseline_check,train,409,42,easy,5,5,0.1,0.95,0.05,default,50,3.0,8,1,1,0,0,0.0004600000029313378,
baseline_check_42_2d339d2e,baseline_check,train,410,42,easy,5,5,0.1,0.95,0.05,default,50,1.0,10,1,1,0,0,0.0005560999998124316,
baseline_check_42_2d339d2e,baseline_check,train,411,42,easy,5,5,0.1,0.95,0.05,default,50,3.0,8,1,1,0,0,0.0004702000005636364,
baseline_check_42_2d339d2e,baseline_check,train,412,42,easy,5,5,0.1,0.95,0.05,default,50,3.0,8,1,1,0,0,0.0004659999976865947,
baseline_check_42_2d339d2e,baseline_check,train,413,42,easy,5,5,0.1,0.95,0.05,default,50,0.0,11,1,1,0,0,0.000574999998207204,
baseline_check_42_2d339d2e,baseline_check,train,414,42,easy,5,5,0.1,0.95,0.05,default,50,3.0,8,1,1,0,0,0.0005597999988822266,
baseline_check_42_2d339d2e,baseline_check,train,415,42,easy,5,5,0.1,0.95,0.05,default,50,2.0,9,1,1,0,0,0.0005160000000614673,
baseline_check_42_2d339d2e,baseline_check,train,416,42,easy,5,5,0.1,0.95,0.05,default,50,3.0,8,1,1,0,0,0.0004490999999688938,
baseline_check_42_2d339d2e,baseline_check,train,417,42,easy,5,5,0.1,0.95,0.05,default,50,3.0,8,1,1,0,0,0.00046949999523349106,
baseline_check_42_2d339d2e,baseline_check,train,418,42,easy,5,5,0.1,0.95,0.05,default,50,2.0,9,1,1,0,0,0.0005004999984521419,
baseline_check_42_2d339d2e,baseline_check,train,419,42,easy,5,5,0.1,0.95,0.05,default,50,3.0,8,1,1,0,0,0.0004626000009011477,
baseline_check_42_2d339d2e,baseline_check,train,420,42,easy,5,5,0.1,0.95,0.05,default,50,2.0,9,1,1,0,0,0.0005097000030218624,
baseline_check_42_2d339d2e,baseline_check,train,421,42,easy,5,5,0.1,0.95,0.05,default,50,3.0,8,1,1,0,0,0.0004861999987042509,
baseline_check_42_2d339d2e,baseline_check,train,422,42,easy,5,5,0.1,0.95,0.05,default,50,3.0,8,1,1,0,0,0.0004788000005646609,
baseline_check_42_2d339d2e,baseline_check,train,423,42,easy,5,5,0.1,0.95,0.05,default,50,3.0,8,1,1,0,0,0.0004459999981918372,
baseline_check_42_2d339d2e,baseline_check,train,424,42,easy,5,5,0.1,0.95,0.05,default,50,3.0,8,1,1,0,0,0.0004717999981949106,
baseline_check_42_2d339d2e,baseline_check,train,425,42,easy,5,5,0.1,0.95,0.05,default,50,3.0,8,1,1,0,0,0.0004620000036084093,
baseline_check_42_2d339d2e,baseline_check,train,426,42,easy,5,5,0.1,0.95,0.05,default,50,3.0,8,1,1,0,0,0.0004628999959095381,
baseline_check_42_2d339d2e,baseline_check,train,427,42,easy,5,5,0.1,0.95,0.05,default,50,3.0,8,1,1,0,0,0.0004591999968397431,
baseline_check_42_2d339d2e,baseline_check,train,428,42,easy,5,5,0.1,0.95,0.05,default,50,3.0,8,1,1,0,0,0.0004566999996313825,
baseline_check_42_2d339d2e,baseline_check,train,429,42,easy,5,5,0.1,0.95,0.05,default,50,3.0,8,1,1,0,0,0.0004656999954022467,
baseline_check_42_2d339d2e,baseline_check,train,430,42,easy,5,5,0.1,0.95,0.05,default,50,3.0,8,1,1,0,0,0.0004650999981095083,
baseline_check_42_2d339d2e,baseline_check,train,431,42,easy,5,5,0.1,0.95,0.05,default,50,3.0,8,1,1,0,0,0.00046440000005532056,
baseline_check_42_2d339d2e,baseline_check,train,432,42,easy,5,5,0.1,0.95,0.05,default,50,3.0,8,1,1,0,0,0.00045479999971576035,
baseline_check_42_2d339d2e,baseline_check,train,433,42,easy,5,5,0.1,0.95,0.05,default,50,3.0,8,1,1,0,0,0.0004630999974324368,
baseline_check_42_2d339d2e,baseline_check,train,434,42,easy,5,5,0.1,0.95,0.05,default,50,3.0,8,1,1,0,0,0.00046100000326987356,
baseline_check_42_2d339d2e,baseline_check,train,435,42,easy,5,5,0.1,0.95,0.05,default,50,3.0,8,1,1,0,0,0.00045540000428445637,
baseline_check_42_2d339d2e,baseline_check,train,436,42,easy,5,5,0.1,0.95,0.05,default,50,2.0,9,1,1,0,0,0.0005939000038779341,
baseline_check_42_2d339d2e,baseline_check,train,437,42,easy,5,5,0.1,0.95,0.05,default,50,3.0,8,1,1,0,0,0.0005141000001458451,
baseline_check_42_2d339d2e,baseline_check,train,438,42,easy,5,5,0.1,0.95,0.05,default,50,3.0,8,1,1,0,0,0.0004941000006510876,
baseline_check_42_2d339d2e,baseline_check,train,439,42,easy,5,5,0.1,0.95,0.05,default,50,3.0,8,1,1,0,0,0.00045479999971576035,
baseline_check_42_2d339d2e,baseline_check,train,440,42,easy,5,5,0.1,0.95,0.05,default,50,2.0,9,1,1,0,0,0.0006593999933102168,
baseline_check_42_2d339d2e,baseline_check,train,441,42,easy,5,5,0.1,0.95,0.05,default,50,3.0,8,1,1,0,0,0.00048599999718135223,
baseline_check_42_2d339d2e,baseline_check,train,442,42,easy,5,5,0.1,0.95,0.05,default,50,3.0,8,1,1,0,0,0.0005700000037904829,
baseline_check_42_2d339d2e,baseline_check,train,443,42,easy,5,5,0.1,0.95,0.05,default,50,-1.0,12,1,1,0,0,0.0007301000005099922,
baseline_check_42_2d339d2e,baseline_check,train,444,42,easy,5,5,0.1,0.95,0.05,default,50,3.0,8,1,1,0,0,0.0005993000013404526,
baseline_check_42_2d339d2e,baseline_check,train,445,42,easy,5,5,0.1,0.95,0.05,default,50,3.0,8,1,1,0,0,0.0005458000014186837,
baseline_check_42_2d339d2e,baseline_check,train,446,42,easy,5,5,0.1,0.95,0.05,default,50,3.0,8,1,1,0,0,0.00048160000005736947,
baseline_check_42_2d339d2e,baseline_check,train,447,42,easy,5,5,0.1,0.95,0.05,default,50,3.0,8,1,1,0,0,0.00046099999599391595,
baseline_check_42_2d339d2e,baseline_check,train,448,42,easy,5,5,0.1,0.95,0.05,default,50,3.0,8,1,1,0,0,0.000658500001009088,
baseline_check_42_2d339d2e,baseline_check,train,449,42,easy,5,5,0.1,0.95,0.05,default,50,3.0,8,1,1,0,0,0.0004847999953199178,
baseline_check_42_2d339d2e,baseline_check,train,450,42,easy,5,5,0.1,0.95,0.05,default,50,3.0,8,1,1,0,0,0.0005285000006551854,
baseline_check_42_2d339d2e,baseline_check,train,451,42,easy,5,5,0.1,0.95,0.05,default,50,3.0,8,1,1,0,0,0.00047959999938029796,
baseline_check_42_2d339d2e,baseline_check,train,452,42,easy,5,5,0.1,0.95,0.05,default,50,2.0,9,1,1,0,0,0.000560200001928024,
baseline_check_42_2d339d2e,baseline_check,train,453,42,easy,5,5,0.1,0.95,0.05,default,50,3.0,8,1,1,0,0,0.0006630000061704777,
baseline_check_42_2d339d2e,baseline_check,train,454,42,easy,5,5,0.1,0.95,0.05,default,50,2.0,9,1,1,0,0,0.0006055999983800575,
baseline_check_42_2d339d2e,baseline_check,train,455,42,easy,5,5,0.1,0.95,0.05,default,50,3.0,8,1,1,0,0,0.0004681999998865649,
baseline_check_42_2d339d2e,baseline_check,train,456,42,easy,5,5,0.1,0.95,0.05,default,50,2.0,9,1,1,0,0,0.0004922000007354654,
baseline_check_42_2d339d2e,baseline_check,train,457,42,easy,5,5,0.1,0.95,0.05,default,50,3.0,8,1,1,0,0,0.00046039999870117754,
baseline_check_42_2d339d2e,baseline_check,train,458,42,easy,5,5,0.1,0.95,0.05,default,50,1.0,10,1,1,0,0,0.0005348999984562397,
baseline_check_42_2d339d2e,baseline_check,train,459,42,easy,5,5,0.1,0.95,0.05,default,50,3.0,8,1,1,0,0,0.000865699999849312,
baseline_check_42_2d339d2e,baseline_check,train,460,42,easy,5,5,0.1,0.95,0.05,default,50,-2.0,13,1,1,0,0,0.0006566000010934658,
baseline_check_42_2d339d2e,baseline_check,train,461,42,easy,5,5,0.1,0.95,0.05,default,50,3.0,8,1,1,0,0,0.000443600001744926,
baseline_check_42_2d339d2e,baseline_check,train,462,42,easy,5,5,0.1,0.95,0.05,default,50,3.0,8,1,1,0,0,0.000858300001709722,
baseline_check_42_2d339d2e,baseline_check,train,463,42,easy,5,5,0.1,0.95,0.05,default,50,3.0,8,1,1,0,0,0.0007718999986536801,
baseline_check_42_2d339d2e,baseline_check,train,464,42,easy,5,5,0.1,0.95,0.05,default,50,3.0,8,1,1,0,0,0.0004964999970979989,
baseline_check_42_2d339d2e,baseline_check,train,465,42,easy,5,5,0.1,0.95,0.05,default,50,3.0,8,1,1,0,0,0.0006922999964444898,
baseline_check_42_2d339d2e,baseline_check,train,466,42,easy,5,5,0.1,0.95,0.05,default,50,3.0,8,1,1,0,0,0.0005454000056488439,
baseline_check_42_2d339d2e,baseline_check,train,467,42,easy,5,5,0.1,0.95,0.05,default,50,3.0,8,1,1,0,0,0.0004791000028490089,
baseline_check_42_2d339d2e,baseline_check,train,468,42,easy,5,5,0.1,0.95,0.05,default,50,3.0,8,1,1,0,0,0.0004893000004813075,
baseline_check_42_2d339d2e,baseline_check,train,469,42,easy,5,5,0.1,0.95,0.05,default,50,3.0,8,1,1,0,0,0.00047869999980321154,
baseline_check_42_2d339d2e,baseline_check,train,470,42,easy,5,5,0.1,0.95,0.05,default,50,2.0,9,1,1,0,0,0.0004965999978594482,
baseline_check_42_2d339d2e,baseline_check,train,471,42,easy,5,5,0.1,0.95,0.05,default,50,3.0,8,1,1,0,0,0.0004741000011563301,
baseline_check_42_2d339d2e,baseline_check,train,472,42,easy,5,5,0.1,0.95,0.05,default,50,3.0,8,1,1,0,0,0.00047140000242507085,
baseline_check_42_2d339d2e,baseline_check,train,473,42,easy,5,5,0.1,0.95,0.05,default,50,3.0,8,1,1,0,0,0.0004633999997167848,
baseline_check_42_2d339d2e,baseline_check,train,474,42,easy,5,5,0.1,0.95,0.05,default,50,3.0,8,1,1,0,0,0.00047679999988758937,
baseline_check_42_2d339d2e,baseline_check,train,475,42,easy,5,5,0.1,0.95,0.05,default,50,2.0,9,1,1,0,0,0.0005024000056437217,
baseline_check_42_2d339d2e,baseline_check,train,476,42,easy,5,5,0.1,0.95,0.05,default,50,1.0,10,1,1,0,0,0.0005544000014197081,
baseline_check_42_2d339d2e,baseline_check,train,477,42,easy,5,5,0.1,0.95,0.05,default,50,2.0,9,1,1,0,0,0.0005577999982051551,
baseline_check_42_2d339d2e,baseline_check,train,478,42,easy,5,5,0.1,0.95,0.05,default,50,3.0,8,1,1,0,0,0.0004771000021719374,
baseline_check_42_2d339d2e,baseline_check,train,479,42,easy,5,5,0.1,0.95,0.05,default,50,3.0,8,1,1,0,0,0.00044070000149076805,
baseline_check_42_2d339d2e,baseline_check,train,480,42,easy,5,5,0.1,0.95,0.05,default,50,3.0,8,1,1,0,0,0.0004560000015771948,
baseline_check_42_2d339d2e,baseline_check,train,481,42,easy,5,5,0.1,0.95,0.05,default,50,3.0,8,1,1,0,0,0.00045559999853139743,
baseline_check_42_2d339d2e,baseline_check,train,482,42,easy,5,5,0.1,0.95,0.05,default,50,3.0,8,1,1,0,0,0.00046149999980116263,
baseline_check_42_2d339d2e,baseline_check,train,483,42,easy,5,5,0.1,0.95,0.05,default,50,2.0,9,1,1,0,0,0.0004964000036125071,
baseline_check_42_2d339d2e,baseline_check,train,484,42,easy,5,5,0.1,0.95,0.05,default,50,3.0,8,1,1,0,0,0.0004676000025938265,
baseline_check_42_2d339d2e,baseline_check,train,485,42,easy,5,5,0.1,0.95,0.05,default,50,3.0,8,1,1,0,0,0.00047310000081779435,
baseline_check_42_2d339d2e,baseline_check,train,486,42,easy,5,5,0.1,0.95,0.05,default,50,3.0,8,1,1,0,0,0.0004441999990376644,
baseline_check_42_2d339d2e,baseline_check,train,487,42,easy,5,5,0.1,0.95,0.05,default,50,3.0,8,1,1,0,0,0.00047590000031050295,
baseline_check_42_2d339d2e,baseline_check,train,488,42,easy,5,5,0.1,0.95,0.05,default,50,3.0,8,1,1,0,0,0.0004374999989522621,
baseline_check_42_2d339d2e,baseline_check,train,489,42,easy,5,5,0.1,0.95,0.05,default,50,2.0,9,1,1,0,0,0.00048460000107297674,
baseline_check_42_2d339d2e,baseline_check,train,490,42,easy,5,5,0.1,0.95,0.05,default,50,3.0,8,1,1,0,0,0.0004566999996313825,
baseline_check_42_2d339d2e,baseline_check,train,491,42,easy,5,5,0.1,0.95,0.05,default,50,3.0,8,1,1,0,0,0.0004667000030167401,
baseline_check_42_2d339d2e,baseline_check,train,492,42,easy,5,5,0.1,0.95,0.05,default,50,2.0,9,1,1,0,0,0.0005806999979540706,
baseline_check_42_2d339d2e,baseline_check,train,493,42,easy,5,5,0.1,0.95,0.05,default,50,3.0,8,1,1,0,0,0.0006198999981279485,
baseline_check_42_2d339d2e,baseline_check,train,494,42,easy,5,5,0.1,0.95,0.05,default,50,3.0,8,1,1,0,0,0.0005251999973552302,
baseline_check_42_2d339d2e,baseline_check,train,495,42,easy,5,5,0.1,0.95,0.05,default,50,1.0,10,1,1,0,0,0.0005887000006623566,
baseline_check_42_2d339d2e,baseline_check,train,496,42,easy,5,5,0.1,0.95,0.05,default,50,3.0,8,1,1,0,0,0.0004891999997198582,
baseline_check_42_2d339d2e,baseline_check,train,497,42,easy,5,5,0.1,0.95,0.05,default,50,2.0,9,1,1,0,0,0.0005358999987947755,
baseline_check_42_2d339d2e,baseline_check,train,498,42,easy,5,5,0.1,0.95,0.05,default,50,3.0,8,1,1,0,0,0.0005076000015833415,
baseline_check_42_2d339d2e,baseline_check,train,499,42,easy,5,5,0.1,0.95,0.05,default,50,3.0,8,1,1,0,0,0.0005211000025155954,
baseline_check_42_2d339d2e,baseline_check,train,500,42,easy,5,5,0.1,0.95,0.05,default,50,3.0,8,1,1,0,0,0.0005057999951532111,outputs\baseline_check\qtable_ep500.npz
baseline_check_42_2d339d2e,baseline_check,eval,1,42,easy,5,5,0.1,0.95,0.0,default,50,3.0,8,1,1,0,0,,
baseline_check_42_2d339d2e,baseline_check,eval,2,42,easy,5,5,0.1,0.95,0.0,default,50,3.0,8,1,1,0,0,,
baseline_check_42_2d339d2e,baseline_check,eval,3,42,easy,5,5,0.1,0.95,0.0,default,50,3.0,8,1,1,0,0,,
baseline_check_42_2d339d2e,baseline_check,eval,4,42,easy,5,5,0.1,0.95,0.0,default,50,3.0,8,1,1,0,0,,
baseline_check_42_2d339d2e,baseline_check,eval,5,42,easy,5,5,0.1,0.95,0.0,default,50,3.0,8,1,1,0,0,,
baseline_check_42_2d339d2e,baseline_check,eval,6,42,easy,5,5,0.1,0.95,0.0,default,50,3.0,8,1,1,0,0,,
baseline_check_42_2d339d2e,baseline_check,eval,7,42,easy,5,5,0.1,0.95,0.0,default,50,3.0,8,1,1,0,0,,
baseline_check_42_2d339d2e,baseline_check,eval,8,42,easy,5,5,0.1,0.95,0.0,default,50,3.0,8,1,1,0,0,,
baseline_check_42_2d339d2e,baseline_check,eval,9,42,easy,5,5,0.1,0.95,0.0,default,50,3.0,8,1,1,0,0,,
baseline_check_42_2d339d2e,baseline_check,eval,10,42,easy,5,5,0.1,0.95,0.0,default,50,3.0,8,1,1,0,0,,
baseline_check_42_2d339d2e,baseline_check,eval,11,42,easy,5,5,0.1,0.95,0.0,default,50,3.0,8,1,1,0,0,,
baseline_check_42_2d339d2e,baseline_check,eval,12,42,easy,5,5,0.1,0.95,0.0,default,50,3.0,8,1,1,0,0,,
baseline_check_42_2d339d2e,baseline_check,eval,13,42,easy,5,5,0.1,0.95,0.0,default,50,3.0,8,1,1,0,0,,
baseline_check_42_2d339d2e,baseline_check,eval,14,42,easy,5,5,0.1,0.95,0.0,default,50,3.0,8,1,1,0,0,,
baseline_check_42_2d339d2e,baseline_check,eval,15,42,easy,5,5,0.1,0.95,0.0,default,50,3.0,8,1,1,0,0,,
baseline_check_42_2d339d2e,baseline_check,eval,16,42,easy,5,5,0.1,0.95,0.0,default,50,3.0,8,1,1,0,0,,
baseline_check_42_2d339d2e,baseline_check,eval,17,42,easy,5,5,0.1,0.95,0.0,default,50,3.0,8,1,1,0,0,,
baseline_check_42_2d339d2e,baseline_check,eval,18,42,easy,5,5,0.1,0.95,0.0,default,50,3.0,8,1,1,0,0,,
baseline_check_42_2d339d2e,baseline_check,eval,19,42,easy,5,5,0.1,0.95,0.0,default,50,3.0,8,1,1,0,0,,
baseline_check_42_2d339d2e,baseline_check,eval,20,42,easy,5,5,0.1,0.95,0.0,default,50,3.0,8,1,1,0,0,,
baseline_check_42_2d339d2e,baseline_check,eval,1,42,easy,5,5,0.1,0.95,0.0,default,50,3.0,8,1,1,0,0,,
baseline_check_42_2d339d2e,baseline_check,eval,2,42,easy,5,5,0.1,0.95,0.0,default,50,3.0,8,1,1,0,0,,
baseline_check_42_2d339d2e,baseline_check,eval,3,42,easy,5,5,0.1,0.95,0.0,default,50,3.0,8,1,1,0,0,,
baseline_check_42_2d339d2e,baseline_check,eval,4,42,easy,5,5,0.1,0.95,0.0,default,50,3.0,8,1,1,0,0,,
baseline_check_42_2d339d2e,baseline_check,eval,5,42,easy,5,5,0.1,0.95,0.0,default,50,3.0,8,1,1,0,0,,
baseline_check_42_2d339d2e,baseline_check,eval,6,42,easy,5,5,0.1,0.95,0.0,default,50,3.0,8,1,1,0,0,,
baseline_check_42_2d339d2e,baseline_check,eval,7,42,easy,5,5,0.1,0.95,0.0,default,50,3.0,8,1,1,0,0,,
baseline_check_42_2d339d2e,baseline_check,eval,8,42,easy,5,5,0.1,0.95,0.0,default,50,3.0,8,1,1,0,0,,
baseline_check_42_2d339d2e,baseline_check,eval,9,42,easy,5,5,0.1,0.95,0.0,default,50,3.0,8,1,1,0,0,,
baseline_check_42_2d339d2e,baseline_check,eval,10,42,easy,5,5,0.1,0.95,0.0,default,50,3.0,8,1,1,0,0,,
baseline_check_42_2d339d2e,baseline_check,eval,11,42,easy,5,5,0.1,0.95,0.0,default,50,3.0,8,1,1,0,0,,
baseline_check_42_2d339d2e,baseline_check,eval,12,42,easy,5,5,0.1,0.95,0.0,default,50,3.0,8,1,1,0,0,,
baseline_check_42_2d339d2e,baseline_check,eval,13,42,easy,5,5,0.1,0.95,0.0,default,50,3.0,8,1,1,0,0,,
baseline_check_42_2d339d2e,baseline_check,eval,14,42,easy,5,5,0.1,0.95,0.0,default,50,3.0,8,1,1,0,0,,
baseline_check_42_2d339d2e,baseline_check,eval,15,42,easy,5,5,0.1,0.95,0.0,default,50,3.0,8,1,1,0,0,,
baseline_check_42_2d339d2e,baseline_check,eval,16,42,easy,5,5,0.1,0.95,0.0,default,50,3.0,8,1,1,0,0,,
baseline_check_42_2d339d2e,baseline_check,eval,17,42,easy,5,5,0.1,0.95,0.0,default,50,3.0,8,1,1,0,0,,
baseline_check_42_2d339d2e,baseline_check,eval,18,42,easy,5,5,0.1,0.95,0.0,default,50,3.0,8,1,1,0,0,,
baseline_check_42_2d339d2e,baseline_check,eval,19,42,easy,5,5,0.1,0.95,0.0,default,50,3.0,8,1,1,0,0,,
baseline_check_42_2d339d2e,baseline_check,eval,20,42,easy,5,5,0.1,0.95,0.0,default,50,3.0,8,1,1,0,0,,
baseline_check_42_2d339d2e,baseline_check,eval,1,42,easy,5,5,0.1,0.95,0.0,default,50,3.0,8,1,1,0,0,,
baseline_check_42_2d339d2e,baseline_check,eval,2,42,easy,5,5,0.1,0.95,0.0,default,50,3.0,8,1,1,0,0,,
baseline_check_42_2d339d2e,baseline_check,eval,3,42,easy,5,5,0.1,0.95,0.0,default,50,3.0,8,1,1,0,0,,
baseline_check_42_2d339d2e,baseline_check,eval,4,42,easy,5,5,0.1,0.95,0.0,default,50,3.0,8,1,1,0,0,,
baseline_check_42_2d339d2e,baseline_check,eval,5,42,easy,5,5,0.1,0.95,0.0,default,50,3.0,8,1,1,0,0,,
baseline_check_42_2d339d2e,baseline_check,eval,6,42,easy,5,5,0.1,0.95,0.0,default,50,3.0,8,1,1,0,0,,
baseline_check_42_2d339d2e,baseline_check,eval,7,42,easy,5,5,0.1,0.95,0.0,default,50,3.0,8,1,1,0,0,,
baseline_check_42_2d339d2e,baseline_check,eval,8,42,easy,5,5,0.1,0.95,0.0,default,50,3.0,8,1,1,0,0,,
baseline_check_42_2d339d2e,baseline_check,eval,9,42,easy,5,5,0.1,0.95,0.0,default,50,3.0,8,1,1,0,0,,
baseline_check_42_2d339d2e,baseline_check,eval,10,42,easy,5,5,0.1,0.95,0.0,default,50,3.0,8,1,1,0,0,,
baseline_check_42_2d339d2e,baseline_check,eval,11,42,easy,5,5,0.1,0.95,0.0,default,50,3.0,8,1,1,0,0,,
baseline_check_42_2d339d2e,baseline_check,eval,12,42,easy,5,5,0.1,0.95,0.0,default,50,3.0,8,1,1,0,0,,
baseline_check_42_2d339d2e,baseline_check,eval,13,42,easy,5,5,0.1,0.95,0.0,default,50,3.0,8,1,1,0,0,,
baseline_check_42_2d339d2e,baseline_check,eval,14,42,easy,5,5,0.1,0.95,0.0,default,50,3.0,8,1,1,0,0,,
baseline_check_42_2d339d2e,baseline_check,eval,15,42,easy,5,5,0.1,0.95,0.0,default,50,3.0,8,1,1,0,0,,
baseline_check_42_2d339d2e,baseline_check,eval,16,42,easy,5,5,0.1,0.95,0.0,default,50,3.0,8,1,1,0,0,,
baseline_check_42_2d339d2e,baseline_check,eval,17,42,easy,5,5,0.1,0.95,0.0,default,50,3.0,8,1,1,0,0,,
baseline_check_42_2d339d2e,baseline_check,eval,18,42,easy,5,5,0.1,0.95,0.0,default,50,3.0,8,1,1,0,0,,
baseline_check_42_2d339d2e,baseline_check,eval,19,42,easy,5,5,0.1,0.95,0.0,default,50,3.0,8,1,1,0,0,,
baseline_check_42_2d339d2e,baseline_check,eval,20,42,easy,5,5,0.1,0.95,0.0,default,50,3.0,8,1,1,0,0,,
baseline_check_42_2d339d2e,baseline_check,eval,1,42,easy,5,5,0.1,0.95,0.0,default,50,3.0,8,1,1,0,0,,
baseline_check_42_2d339d2e,baseline_check,eval,2,42,easy,5,5,0.1,0.95,0.0,default,50,3.0,8,1,1,0,0,,
baseline_check_42_2d339d2e,baseline_check,eval,3,42,easy,5,5,0.1,0.95,0.0,default,50,3.0,8,1,1,0,0,,
baseline_check_42_2d339d2e,baseline_check,eval,4,42,easy,5,5,0.1,0.95,0.0,default,50,3.0,8,1,1,0,0,,
baseline_check_42_2d339d2e,baseline_check,eval,5,42,easy,5,5,0.1,0.95,0.0,default,50,3.0,8,1,1,0,0,,
baseline_check_42_2d339d2e,baseline_check,eval,6,42,easy,5,5,0.1,0.95,0.0,default,50,3.0,8,1,1,0,0,,
baseline_check_42_2d339d2e,baseline_check,eval,7,42,easy,5,5,0.1,0.95,0.0,default,50,3.0,8,1,1,0,0,,
baseline_check_42_2d339d2e,baseline_check,eval,8,42,easy,5,5,0.1,0.95,0.0,default,50,3.0,8,1,1,0,0,,
baseline_check_42_2d339d2e,baseline_check,eval,9,42,easy,5,5,0.1,0.95,0.0,default,50,3.0,8,1,1,0,0,,
baseline_check_42_2d339d2e,baseline_check,eval,10,42,easy,5,5,0.1,0.95,0.0,default,50,3.0,8,1,1,0,0,,
baseline_check_42_2d339d2e,baseline_check,eval,11,42,easy,5,5,0.1,0.95,0.0,default,50,3.0,8,1,1,0,0,,
baseline_check_42_2d339d2e,baseline_check,eval,12,42,easy,5,5,0.1,0.95,0.0,default,50,3.0,8,1,1,0,0,,
baseline_check_42_2d339d2e,baseline_check,eval,13,42,easy,5,5,0.1,0.95,0.0,default,50,3.0,8,1,1,0,0,,
baseline_check_42_2d339d2e,baseline_check,eval,14,42,easy,5,5,0.1,0.95,0.0,default,50,3.0,8,1,1,0,0,,
baseline_check_42_2d339d2e,baseline_check,eval,15,42,easy,5,5,0.1,0.95,0.0,default,50,3.0,8,1,1,0,0,,
baseline_check_42_2d339d2e,baseline_check,eval,16,42,easy,5,5,0.1,0.95,0.0,default,50,3.0,8,1,1,0,0,,
baseline_check_42_2d339d2e,baseline_check,eval,17,42,easy,5,5,0.1,0.95,0.0,default,50,3.0,8,1,1,0,0,,
baseline_check_42_2d339d2e,baseline_check,eval,18,42,easy,5,5,0.1,0.95,0.0,default,50,3.0,8,1,1,0,0,,
baseline_check_42_2d339d2e,baseline_check,eval,19,42,easy,5,5,0.1,0.95,0.0,default,50,3.0,8,1,1,0,0,,
baseline_check_42_2d339d2e,baseline_check,eval,20,42,easy,5,5,0.1,0.95,0.0,default,50,3.0,8,1,1,0,0,,
baseline_check_42_2d339d2e,baseline_check,eval,1,42,easy,5,5,0.1,0.95,0.0,default,50,3.0,8,1,1,0,0,,
baseline_check_42_2d339d2e,baseline_check,eval,2,42,easy,5,5,0.1,0.95,0.0,default,50,3.0,8,1,1,0,0,,
baseline_check_42_2d339d2e,baseline_check,eval,3,42,easy,5,5,0.1,0.95,0.0,default,50,3.0,8,1,1,0,0,,
baseline_check_42_2d339d2e,baseline_check,eval,4,42,easy,5,5,0.1,0.95,0.0,default,50,3.0,8,1,1,0,0,,
baseline_check_42_2d339d2e,baseline_check,eval,5,42,easy,5,5,0.1,0.95,0.0,default,50,3.0,8,1,1,0,0,,
baseline_check_42_2d339d2e,baseline_check,eval,6,42,easy,5,5,0.1,0.95,0.0,default,50,3.0,8,1,1,0,0,,
baseline_check_42_2d339d2e,baseline_check,eval,7,42,easy,5,5,0.1,0.95,0.0,default,50,3.0,8,1,1,0,0,,
baseline_check_42_2d339d2e,baseline_check,eval,8,42,easy,5,5,0.1,0.95,0.0,default,50,3.0,8,1,1,0,0,,
baseline_check_42_2d339d2e,baseline_check,eval,9,42,easy,5,5,0.1,0.95,0.0,default,50,3.0,8,1,1,0,0,,
baseline_check_42_2d339d2e,baseline_check,eval,10,42,easy,5,5,0.1,0.95,0.0,default,50,3.0,8,1,1,0,0,,
baseline_check_42_2d339d2e,baseline_check,eval,11,42,easy,5,5,0.1,0.95,0.0,default,50,3.0,8,1,1,0,0,,
baseline_check_42_2d339d2e,baseline_check,eval,12,42,easy,5,5,0.1,0.95,0.0,default,50,3.0,8,1,1,0,0,,
baseline_check_42_2d339d2e,baseline_check,eval,13,42,easy,5,5,0.1,0.95,0.0,default,50,3.0,8,1,1,0,0,,
baseline_check_42_2d339d2e,baseline_check,eval,14,42,easy,5,5,0.1,0.95,0.0,default,50,3.0,8,1,1,0,0,,
baseline_check_42_2d339d2e,baseline_check,eval,15,42,easy,5,5,0.1,0.95,0.0,default,50,3.0,8,1,1,0,0,,
baseline_check_42_2d339d2e,baseline_check,eval,16,42,easy,5,5,0.1,0.95,0.0,default,50,3.0,8,1,1,0,0,,
baseline_check_42_2d339d2e,baseline_check,eval,17,42,easy,5,5,0.1,0.95,0.0,default,50,3.0,8,1,1,0,0,,
baseline_check_42_2d339d2e,baseline_check,eval,18,42,easy,5,5,0.1,0.95,0.0,default,50,3.0,8,1,1,0,0,,
baseline_check_42_2d339d2e,baseline_check,eval,19,42,easy,5,5,0.1,0.95,0.0,default,50,3.0,8,1,1,0,0,,
baseline_check_42_2d339d2e,baseline_check,eval,20,42,easy,5,5,0.1,0.95,0.0,default,50,3.0,8,1,1,0,0,,
