run_id,exp_name,phase,episode,seed,map_name,rows,cols,alpha,gamma,epsilon,reward_setting,max_steps,total_reward,steps,success,terminated,truncated,hit_trap,elapsed_sec,qtable_path
alpha_0.5_123_078a4205,alpha_0.5,train,1,123,easy,5,5,0.5,0.95,0.199,default,100,-28.0,39,1,1,0,0,0.004907000002276618,
alpha_0.5_123_078a4205,alpha_0.5,train,2,123,easy,5,5,0.5,0.95,0.19800500000000001,default,100,-53.0,64,1,1,0,0,0.006464300000516232,
alpha_0.5_123_078a4205,alpha_0.5,train,3,123,easy,5,5,0.5,0.95,0.197014975,default,100,-31.0,22,0,1,0,1,0.0021326999994926155,
alpha_0.5_123_078a4205,alpha_0.5,train,4,123,easy,5,5,0.5,0.95,0.19602990012500002,default,100,-27.0,18,0,1,0,1,0.0018718999999691732,
alpha_0.5_123_078a4205,alpha_0.5,train,5,123,easy,5,5,0.5,0.95,0.19504975062437502,default,100,-31.0,22,0,1,0,1,0.0021588999989035074,
alpha_0.5_123_078a4205,alpha_0.5,train,6,123,easy,5,5,0.5,0.95,0.19407450187125314,default,100,-10.0,21,1,1,0,0,0.002511999999114778,
alpha_0.5_123_078a4205,alpha_0.5,train,7,123,easy,5,5,0.5,0.95,0.19310412936189686,default,100,-22.0,13,0,1,0,1,0.0013538000021071639,
alpha_0.5_123_078a4205,alpha_0.5,train,8,123,easy,5,5,0.5,0.95,0.19213860871508737,default,100,-28.0,39,1,1,0,0,0.0036378000004333444,
alpha_0.5_123_078a4205,alpha_0.5,train,9,123,easy,5,5,0.5,0.95,0.19117791567151193,default,100,0.0,11,1,1,0,0,0.001352999999653548,
alpha_0.5_123_078a4205,alpha_0.5,train,10,123,easy,5,5,0.5,0.95,0.19022202609315436,default,100,-18.0,29,1,1,0,0,0.00439629999891622,
alpha_0.5_123_078a4205,alpha_0.5,train,11,123,easy,5,5,0.5,0.95,0.18927091596268858,default,100,-36.0,27,0,1,0,1,0.00279210000007879,
alpha_0.5_123_078a4205,alpha_0.5,train,12,123,easy,5,5,0.5,0.95,0.18832456138287512,default,100,-23.0,34,1,1,0,0,0.003505500000756001,
alpha_0.5_123_078a4205,alpha_0.5,train,13,123,easy,5,5,0.5,0.95,0.18738293857596075,default,100,3.0,8,1,1,0,0,0.0008829999969748314,
alpha_0.5_123_078a4205,alpha_0.5,train,14,123,easy,5,5,0.5,0.95,0.18644602388308096,default,100,-8.0,19,1,1,0,0,0.002631499999552034,
alpha_0.5_123_078a4205,alpha_0.5,train,15,123,easy,5,5,0.5,0.95,0.18551379376366556,default,100,-7.0,18,1,1,0,0,0.002277800002048025,
alpha_0.5_123_078a4205,alpha_0.5,train,16,123,easy,5,5,0.5,0.95,0.18458622479484724,default,100,-1.0,12,1,1,0,0,0.0015157999987422954,
alpha_0.5_123_078a4205,alpha_0.5,train,17,123,easy,5,5,0.5,0.95,0.183663293670873,default,100,0.0,11,1,1,0,0,0.0012397999998938758,
alpha_0.5_123_078a4205,alpha_0.5,train,18,123,easy,5,5,0.5,0.95,0.18274497720251864,default,100,0.0,11,1,1,0,0,0.001536899999337038,
alpha_0.5_123_078a4205,alpha_0.5,train,19,123,easy,5,5,0.5,0.95,0.18183125231650604,default,100,-2.0,13,1,1,0,0,0.0013875000004190952,
alpha_0.5_123_078a4205,alpha_0.5,train,20,123,easy,5,5,0.5,0.95,0.18092209605492351,default,100,1.0,10,1,1,0,0,0.001138100000389386,
alpha_0.5_123_078a4205,alpha_0.5,train,21,123,easy,5,5,0.5,0.95,0.1800174855746489,default,100,-1.0,12,1,1,0,0,0.001420600001438288,
alpha_0.5_123_078a4205,alpha_0.5,train,22,123,easy,5,5,0.5,0.95,0.17911739814677563,default,100,2.0,9,1,1,0,0,0.0009396999994351063,
alpha_0.5_123_078a4205,alpha_0.5,train,23,123,easy,5,5,0.5,0.95,0.17822181115604174,default,100,1.0,10,1,1,0,0,0.0010339000000385568,
alpha_0.5_123_078a4205,alpha_0.5,train,24,123,easy,5,5,0.5,0.95,0.17733070210026153,default,100,3.0,8,1,1,0,0,0.0011969000006502029,
alpha_0.5_123_078a4205,alpha_0.5,train,25,123,easy,5,5,0.5,0.95,0.17644404858976023,default,100,3.0,8,1,1,0,0,0.0009577000018907711,
alpha_0.5_123_078a4205,alpha_0.5,train,26,123,easy,5,5,0.5,0.95,0.17556182834681144,default,100,3.0,8,1,1,0,0,0.0014221000019460917,
alpha_0.5_123_078a4205,alpha_0.5,train,27,123,easy,5,5,0.5,0.95,0.1746840192050774,default,100,-7.0,18,1,1,0,0,0.0016600000017206185,
alpha_0.5_123_078a4205,alpha_0.5,train,28,123,easy,5,5,0.5,0.95,0.173810599109052,default,100,2.0,9,1,1,0,0,0.0009361999982502311,
alpha_0.5_123_078a4205,alpha_0.5,train,29,123,easy,5,5,0.5,0.95,0.17294154611350673,default,100,3.0,8,1,1,0,0,0.000862000000779517,
alpha_0.5_123_078a4205,alpha_0.5,train,30,123,easy,5,5,0.5,0.95,0.1720768383829392,default,100,3.0,8,1,1,0,0,0.0008366000001842622,
alpha_0.5_123_078a4205,alpha_0.5,train,31,123,easy,5,5,0.5,0.95,0.1712164541910245,default,100,3.0,8,1,1,0,0,0.0015378999996755738,
alpha_0.5_123_078a4205,alpha_0.5,train,32,123,easy,5,5,0.5,0.95,0.17036037192006936,default,100,-2.0,13,1,1,0,0,0.0021564999988186173,
alpha_0.5_123_078a4205,alpha_0.5,train,33,123,easy,5,5,0.5,0.95,0.16950857006046902,default,100,-1.0,12,1,1,0,0,0.0021385000000009313,
alpha_0.5_123_078a4205,alpha_0.5,train,34,123,easy,5,5,0.5,0.95,0.16866102721016668,default,100,1.0,10,1,1,0,0,0.0018501000013202429,
alpha_0.5_123_078a4205,alpha_0.5,train,35,123,easy,5,5,0.5,0.95,0.16781772207411585,default,100,1.0,10,1,1,0,0,0.0019310999996378087,
alpha_0.5_123_078a4205,alpha_0.5,train,36,123,easy,5,5,0.5,0.95,0.16697863346374528,default,100,2.0,9,1,1,0,0,0.0017482000002928544,
alpha_0.5_123_078a4205,alpha_0.5,train,37,123,easy,5,5,0.5,0.95,0.16614374029642656,default,100,1.0,10,1,1,0,0,0.001863900000898866,
alpha_0.5_123_078a4205,alpha_0.5,train,38,123,easy,5,5,0.5,0.95,0.16531302159494443,default,100,3.0,8,1,1,0,0,0.001513299997895956,
alpha_0.5_123_078a4205,alpha_0.5,train,39,123,easy,5,5,0.5,0.95,0.16448645648696972,default,100,3.0,8,1,1,0,0,0.001543000002129702,
alpha_0.5_123_078a4205,alpha_0.5,train,40,123,easy,5,5,0.5,0.95,0.16366402420453488,default,100,-18.0,9,0,1,0,1,0.002171000000089407,
alpha_0.5_123_078a4205,alpha_0.5,train,41,123,easy,5,5,0.5,0.95,0.1628457040835122,default,100,1.0,10,1,1,0,0,0.0012008000012428965,
alpha_0.5_123_078a4205,alpha_0.5,train,42,123,easy,5,5,0.5,0.95,0.16203147556309463,default,100,3.0,8,1,1,0,0,0.0009590999979991466,
alpha_0.5_123_078a4205,alpha_0.5,train,43,123,easy,5,5,0.5,0.95,0.16122131818527916,default,100,1.0,10,1,1,0,0,0.0016039999973145314,
alpha_0.5_123_078a4205,alpha_0.5,train,44,123,easy,5,5,0.5,0.95,0.16041521159435276,default,100,-4.0,15,1,1,0,0,0.0015946999992593192,
alpha_0.5_123_078a4205,alpha_0.5,train,45,123,easy,5,5,0.5,0.95,0.159613135536381,default,100,1.0,10,1,1,0,0,0.0010503999983484391,
alpha_0.5_123_078a4205,alpha_0.5,train,46,123,easy,5,5,0.5,0.95,0.15881506985869911,default,100,3.0,8,1,1,0,0,0.0009388999969814904,
alpha_0.5_123_078a4205,alpha_0.5,train,47,123,easy,5,5,0.5,0.95,0.15802099450940563,default,100,3.0,8,1,1,0,0,0.000900700000784127,
alpha_0.5_123_078a4205,alpha_0.5,train,48,123,easy,5,5,0.5,0.95,0.1572308895368586,default,100,1.0,10,1,1,0,0,0.0010669000002963003,
alpha_0.5_123_078a4205,alpha_0.5,train,49,123,easy,5,5,0.5,0.95,0.1564447350891743,default,100,1.0,10,1,1,0,0,0.0010314999999536667,
alpha_0.5_123_078a4205,alpha_0.5,train,50,123,easy,5,5,0.5,0.95,0.15566251141372844,default,100,2.0,9,1,1,0,0,0.0009606999992683996,
alpha_0.5_123_078a4205,alpha_0.5,train,51,123,easy,5,5,0.5,0.95,0.1548841988566598,default,100,1.0,10,1,1,0,0,0.0010691000024962705,
alpha_0.5_123_078a4205,alpha_0.5,train,52,123,easy,5,5,0.5,0.95,0.1541097778623765,default,100,1.0,10,1,1,0,0,0.0010652999990270473,
alpha_0.5_123_078a4205,alpha_0.5,train,53,123,easy,5,5,0.5,0.95,0.15333922897306462,default,100,2.0,9,1,1,0,0,0.0010756999981822446,
alpha_0.5_123_078a4205,alpha_0.5,train,54,123,easy,5,5,0.5,0.95,0.1525725328281993,default,100,3.0,8,1,1,0,0,0.0009933000001183245,
alpha_0.5_123_078a4205,alpha_0.5,train,55,123,easy,5,5,0.5,0.95,0.1518096701640583,default,100,1.0,10,1,1,0,0,0.0009323000012955163,
alpha_0.5_123_078a4205,alpha_0.5,train,56,123,easy,5,5,0.5,0.95,0.151050621813238,default,100,1.0,10,1,1,0,0,0.0010531000007176772,
alpha_0.5_123_078a4205,alpha_0.5,train,57,123,easy,5,5,0.5,0.95,0.15029536870417182,default,100,3.0,8,1,1,0,0,0.0008944999972300138,
alpha_0.5_123_078a4205,alpha_0.5,train,58,123,easy,5,5,0.5,0.95,0.14954389186065095,default,100,3.0,8,1,1,0,0,0.0016170999988389667,
alpha_0.5_123_078a4205,alpha_0.5,train,59,123,easy,5,5,0.5,0.95,0.1487961724013477,default,100,3.0,8,1,1,0,0,0.0012120999999751803,
alpha_0.5_123_078a4205,alpha_0.5,train,60,123,easy,5,5,0.5,0.95,0.14805219153934096,default,100,3.0,8,1,1,0,0,0.0015452000006916933,
alpha_0.5_123_078a4205,alpha_0.5,train,61,123,easy,5,5,0.5,0.95,0.14731193058164427,default,100,3.0,8,1,1,0,0,0.0009598000033292919,
alpha_0.5_123_078a4205,alpha_0.5,train,62,123,easy,5,5,0.5,0.95,0.14657537092873604,default,100,1.0,10,1,1,0,0,0.0011536000019987114,
alpha_0.5_123_078a4205,alpha_0.5,train,63,123,easy,5,5,0.5,0.95,0.14584249407409236,default,100,2.0,9,1,1,0,0,0.0013053999973635655,
alpha_0.5_123_078a4205,alpha_0.5,train,64,123,easy,5,5,0.5,0.95,0.1451132816037219,default,100,1.0,10,1,1,0,0,0.001079300000128569,
alpha_0.5_123_078a4205,alpha_0.5,train,65,123,easy,5,5,0.5,0.95,0.1443877151957033,default,100,1.0,10,1,1,0,0,0.0009859000019787345,
alpha_0.5_123_078a4205,alpha_0.5,train,66,123,easy,5,5,0.5,0.95,0.14366577661972477,default,100,3.0,8,1,1,0,0,0.0009021000005304813,
alpha_0.5_123_078a4205,alpha_0.5,train,67,123,easy,5,5,0.5,0.95,0.14294744773662615,default,100,2.0,9,1,1,0,0,0.0009739000015542842,
alpha_0.5_123_078a4205,alpha_0.5,train,68,123,easy,5,5,0.5,0.95,0.14223271049794303,default,100,1.0,10,1,1,0,0,0.0010987999994540587,
alpha_0.5_123_078a4205,alpha_0.5,train,69,123,easy,5,5,0.5,0.95,0.14152154694545332,default,100,3.0,8,1,1,0,0,0.0011201999986951705,
alpha_0.5_123_078a4205,alpha_0.5,train,70,123,easy,5,5,0.5,0.95,0.14081393921072605,default,100,3.0,8,1,1,0,0,0.0009659999996074475,
alpha_0.5_123_078a4205,alpha_0.5,train,71,123,easy,5,5,0.5,0.95,0.1401098695146724,default,100,3.0,8,1,1,0,0,0.0009557000012136996,
alpha_0.5_123_078a4205,alpha_0.5,train,72,123,easy,5,5,0.5,0.95,0.13940932016709906,default,100,3.0,8,1,1,0,0,0.0009115000029851217,
alpha_0.5_123_078a4205,alpha_0.5,train,73,123,easy,5,5,0.5,0.95,0.13871227356626356,default,100,3.0,8,1,1,0,0,0.0007528999994974583,
alpha_0.5_123_078a4205,alpha_0.5,train,74,123,easy,5,5,0.5,0.95,0.13801871219843223,default,100,2.0,9,1,1,0,0,0.0009488000032433774,
alpha_0.5_123_078a4205,alpha_0.5,train,75,123,easy,5,5,0.5,0.95,0.13732861863744006,default,100,3.0,8,1,1,0,0,0.0008987000001070555,
alpha_0.5_123_078a4205,alpha_0.5,train,76,123,easy,5,5,0.5,0.95,0.13664197554425286,default,100,3.0,8,1,1,0,0,0.0009286000022257213,
alpha_0.5_123_078a4205,alpha_0.5,train,77,123,easy,5,5,0.5,0.95,0.1359587656665316,default,100,3.0,8,1,1,0,0,0.0011466999967524316,
alpha_0.5_123_078a4205,alpha_0.5,train,78,123,easy,5,5,0.5,0.95,0.13527897183819892,default,100,2.0,9,1,1,0,0,0.000985000002401648,
alpha_0.5_123_078a4205,alpha_0.5,train,79,123,easy,5,5,0.5,0.95,0.13460257697900793,default,100,2.0,9,1,1,0,0,0.0015481999980693217,
alpha_0.5_123_078a4205,alpha_0.5,train,80,123,easy,5,5,0.5,0.95,0.13392956409411289,default,100,3.0,8,1,1,0,0,0.0012854000015067868,
alpha_0.5_123_078a4205,alpha_0.5,train,81,123,easy,5,5,0.5,0.95,0.1332599162736423,default,100,3.0,8,1,1,0,0,0.0018898999987868592,
alpha_0.5_123_078a4205,alpha_0.5,train,82,123,easy,5,5,0.5,0.95,0.1325936166922741,default,100,-1.0,12,1,1,0,0,0.0012559000024339184,
alpha_0.5_123_078a4205,alpha_0.5,train,83,123,easy,5,5,0.5,0.95,0.13193064860881273,default,100,3.0,8,1,1,0,0,0.0013840999999956694,
alpha_0.5_123_078a4205,alpha_0.5,train,84,123,easy,5,5,0.5,0.95,0.13127099536576867,default,100,-1.0,12,1,1,0,0,0.002677399999811314,
alpha_0.5_123_078a4205,alpha_0.5,train,85,123,easy,5,5,0.5,0.95,0.13061464038893983,default,100,-3.0,14,1,1,0,0,0.0025889999997161794,
alpha_0.5_123_078a4205,alpha_0.5,train,86,123,easy,5,5,0.5,0.95,0.12996156718699514,default,100,1.0,10,1,1,0,0,0.0018841000019165222,
alpha_0.5_123_078a4205,alpha_0.5,train,87,123,easy,5,5,0.5,0.95,0.12931175935106015,default,100,3.0,8,1,1,0,0,0.0017649000001256354,
alpha_0.5_123_078a4205,alpha_0.5,train,88,123,easy,5,5,0.5,0.95,0.12866520055430486,default,100,2.0,9,1,1,0,0,0.0012485000006563496,
alpha_0.5_123_078a4205,alpha_0.5,train,89,123,easy,5,5,0.5,0.95,0.12802187455153333,default,100,3.0,8,1,1,0,0,0.0011506000009831041,
alpha_0.5_123_078a4205,alpha_0.5,train,90,123,easy,5,5,0.5,0.95,0.12738176517877567,default,100,0.0,11,1,1,0,0,0.0020064999989699572,
alpha_0.5_123_078a4205,alpha_0.5,train,91,123,easy,5,5,0.5,0.95,0.1267448563528818,default,100,3.0,8,1,1,0,0,0.0012420999992173165,
alpha_0.5_123_078a4205,alpha_0.5,train,92,123,easy,5,5,0.5,0.95,0.12611113207111738,default,100,3.0,8,1,1,0,0,0.001491299997724127,
alpha_0.5_123_078a4205,alpha_0.5,train,93,123,easy,5,5,0.5,0.95,0.1254805764107618,default,100,1.0,10,1,1,0,0,0.0014427000023715664,
alpha_0.5_123_078a4205,alpha_0.5,train,94,123,easy,5,5,0.5,0.95,0.12485317352870799,default,100,3.0,8,1,1,0,0,0.0018397000021650456,
alpha_0.5_123_078a4205,alpha_0.5,train,95,123,easy,5,5,0.5,0.95,0.12422890766106445,default,100,1.0,10,1,1,0,0,0.0014221000019460917,
alpha_0.5_123_078a4205,alpha_0.5,train,96,123,easy,5,5,0.5,0.95,0.12360776312275913,default,100,2.0,9,1,1,0,0,0.0010351000018999912,
alpha_0.5_123_078a4205,alpha_0.5,train,97,123,easy,5,5,0.5,0.95,0.12298972430714533,default,100,2.0,9,1,1,0,0,0.0009605999985069502,
alpha_0.5_123_078a4205,alpha_0.5,train,98,123,easy,5,5,0.5,0.95,0.1223747756856096,default,100,2.0,9,1,1,0,0,0.0009743000009621028,
alpha_0.5_123_078a4205,alpha_0.5,train,99,123,easy,5,5,0.5,0.95,0.12176290180718155,default,100,1.0,10,1,1,0,0,0.001070300000719726,
alpha_0.5_123_078a4205,alpha_0.5,train,100,123,easy,5,5,0.5,0.95,0.12115408729814564,default,100,1.0,10,1,1,0,0,0.0011305999978503678,
alpha_0.5_123_078a4205,alpha_0.5,train,101,123,easy,5,5,0.5,0.95,0.12054831686165492,default,100,3.0,8,1,1,0,0,0.0009055000009539071,
alpha_0.5_123_078a4205,alpha_0.5,train,102,123,easy,5,5,0.5,0.95,0.11994557527734664,default,100,3.0,8,1,1,0,0,0.001327300000411924,
alpha_0.5_123_078a4205,alpha_0.5,train,103,123,easy,5,5,0.5,0.95,0.11934584740095991,default,100,3.0,8,1,1,0,0,0.00127509999947506,
alpha_0.5_123_078a4205,alpha_0.5,train,104,123,easy,5,5,0.5,0.95,0.11874911816395511,default,100,3.0,8,1,1,0,0,0.0010164000013901386,
alpha_0.5_123_078a4205,alpha_0.5,train,105,123,easy,5,5,0.5,0.95,0.11815537257313534,default,100,3.0,8,1,1,0,0,0.0009210999996867031,
alpha_0.5_123_078a4205,alpha_0.5,train,106,123,easy,5,5,0.5,0.95,0.11756459571026966,default,100,0.0,11,1,1,0,0,0.0012982999978703447,
alpha_0.5_123_078a4205,alpha_0.5,train,107,123,easy,5,5,0.5,0.95,0.1169767727317183,default,100,-3.0,14,1,1,0,0,0.0016647999982524198,
alpha_0.5_123_078a4205,alpha_0.5,train,108,123,easy,5,5,0.5,0.95,0.1163918888680597,default,100,3.0,8,1,1,0,0,0.0009272999996028375,
alpha_0.5_123_078a4205,alpha_0.5,train,109,123,easy,5,5,0.5,0.95,0.11580992942371941,default,100,2.0,9,1,1,0,0,0.0009826999994402286,
alpha_0.5_123_078a4205,alpha_0.5,train,110,123,easy,5,5,0.5,0.95,0.11523087977660082,default,100,3.0,8,1,1,0,0,0.0010142000028281473,
alpha_0.5_123_078a4205,alpha_0.5,train,111,123,easy,5,5,0.5,0.95,0.11465472537771781,default,100,2.0,9,1,1,0,0,0.0009877000011329073,
alpha_0.5_123_078a4205,alpha_0.5,train,112,123,easy,5,5,0.5,0.95,0.11408145175082922,default,100,3.0,8,1,1,0,0,0.0009006000000226777,
alpha_0.5_123_078a4205,alpha_0.5,train,113,123,easy,5,5,0.5,0.95,0.11351104449207507,default,100,-1.0,12,1,1,0,0,0.0012129999995522667,
alpha_0.5_123_078a4205,alpha_0.5,train,114,123,easy,5,5,0.5,0.95,0.11294348926961469,default,100,1.0,10,1,1,0,0,0.0010614000020723324,
alpha_0.5_123_078a4205,alpha_0.5,train,115,123,easy,5,5,0.5,0.95,0.11237877182326661,default,100,1.0,10,1,1,0,0,0.0010722000006353483,
alpha_0.5_123_078a4205,alpha_0.5,train,116,123,easy,5,5,0.5,0.95,0.11181687796415028,default,100,3.0,8,1,1,0,0,0.0011096999987785239,
alpha_0.5_123_078a4205,alpha_0.5,train,117,123,easy,5,5,0.5,0.95,0.11125779357432954,default,100,3.0,8,1,1,0,0,0.0009390000013809185,
alpha_0.5_123_078a4205,alpha_0.5,train,118,123,easy,5,5,0.5,0.95,0.11070150460645789,default,100,3.0,8,1,1,0,0,0.0008902999979909509,
alpha_0.5_123_078a4205,alpha_0.5,train,119,123,easy,5,5,0.5,0.95,0.1101479970834256,default,100,3.0,8,1,1,0,0,0.001100199999200413,
alpha_0.5_123_078a4205,alpha_0.5,train,120,123,easy,5,5,0.5,0.95,0.10959725709800847,default,100,3.0,8,1,1,0,0,0.0015815000006114133,
alpha_0.5_123_078a4205,alpha_0.5,train,121,123,easy,5,5,0.5,0.95,0.10904927081251842,default,100,3.0,8,1,1,0,0,0.0021714000031352043,
alpha_0.5_123_078a4205,alpha_0.5,train,122,123,easy,5,5,0.5,0.95,0.10850402445845582,default,100,1.0,10,1,1,0,0,0.0016308000012941193,
alpha_0.5_123_078a4205,alpha_0.5,train,123,123,easy,5,5,0.5,0.95,0.10796150433616354,default,100,1.0,10,1,1,0,0,0.0016070000019681174,
alpha_0.5_123_078a4205,alpha_0.5,train,124,123,easy,5,5,0.5,0.95,0.10742169681448273,default,100,1.0,10,1,1,0,0,0.002051199997367803,
alpha_0.5_123_078a4205,alpha_0.5,train,125,123,easy,5,5,0.5,0.95,0.10688458833041031,default,100,3.0,8,1,1,0,0,0.0016007000012905337,
alpha_0.5_123_078a4205,alpha_0.5,train,126,123,easy,5,5,0.5,0.95,0.10635016538875826,default,100,1.0,10,1,1,0,0,0.0020366000026115216,
alpha_0.5_123_078a4205,alpha_0.5,train,127,123,easy,5,5,0.5,0.95,0.10581841456181447,default,100,2.0,9,1,1,0,0,0.0016133999997691717,
alpha_0.5_123_078a4205,alpha_0.5,train,128,123,easy,5,5,0.5,0.95,0.1052893224890054,default,100,3.0,8,1,1,0,0,0.0009927999999490567,
alpha_0.5_123_078a4205,alpha_0.5,train,129,123,easy,5,5,0.5,0.95,0.10476287587656037,default,100,1.0,10,1,1,0,0,0.0016660000001138542,
alpha_0.5_123_078a4205,alpha_0.5,train,130,123,easy,5,5,0.5,0.95,0.10423906149717757,default,100,3.0,8,1,1,0,0,0.0017397000010532793,
alpha_0.5_123_078a4205,alpha_0.5,train,131,123,easy,5,5,0.5,0.95,0.10371786618969168,default,100,3.0,8,1,1,0,0,0.002040899998974055,
alpha_0.5_123_078a4205,alpha_0.5,train,132,123,easy,5,5,0.5,0.95,0.10319927685874322,default,100,-1.0,12,1,1,0,0,0.0019734999987122137,
alpha_0.5_123_078a4205,alpha_0.5,train,133,123,easy,5,5,0.5,0.95,0.10268328047444951,default,100,1.0,10,1,1,0,0,0.0016289000013784971,
alpha_0.5_123_078a4205,alpha_0.5,train,134,123,easy,5,5,0.5,0.95,0.10216986407207726,default,100,1.0,10,1,1,0,0,0.0023535999971500132,
alpha_0.5_123_078a4205,alpha_0.5,train,135,123,easy,5,5,0.5,0.95,0.10165901475171688,default,100,2.0,9,1,1,0,0,0.0017215999978361651,
alpha_0.5_123_078a4205,alpha_0.5,train,136,123,easy,5,5,0.5,0.95,0.10115071967795829,default,100,3.0,8,1,1,0,0,0.001689999997324776,
alpha_0.5_123_078a4205,alpha_0.5,train,137,123,easy,5,5,0.5,0.95,0.10064496607956849,default,100,3.0,8,1,1,0,0,0.0014877000030537602,
alpha_0.5_123_078a4205,alpha_0.5,train,138,123,easy,5,5,0.5,0.95,0.10014174124917065,default,100,3.0,8,1,1,0,0,0.0018311000021640211,
alpha_0.5_123_078a4205,alpha_0.5,train,139,123,easy,5,5,0.5,0.95,0.09964103254292479,default,100,3.0,8,1,1,0,0,0.001241500001924578,
alpha_0.5_123_078a4205,alpha_0.5,train,140,123,easy,5,5,0.5,0.95,0.09914282738021017,default,100,2.0,9,1,1,0,0,0.001819099998101592,
alpha_0.5_123_078a4205,alpha_0.5,train,141,123,easy,5,5,0.5,0.95,0.09864711324330912,default,100,3.0,8,1,1,0,0,0.0014864000004308764,
alpha_0.5_123_078a4205,alpha_0.5,train,142,123,easy,5,5,0.5,0.95,0.09815387767709258,default,100,1.0,10,1,1,0,0,0.0017072000009648036,
alpha_0.5_123_078a4205,alpha_0.5,train,143,123,easy,5,5,0.5,0.95,0.09766310828870711,default,100,3.0,8,1,1,0,0,0.004121300000406336,
alpha_0.5_123_078a4205,alpha_0.5,train,144,123,easy,5,5,0.5,0.95,0.09717479274726358,default,100,3.0,8,1,1,0,0,0.0023518999987572897,
alpha_0.5_123_078a4205,alpha_0.5,train,145,123,easy,5,5,0.5,0.95,0.09668891878352726,default,100,2.0,9,1,1,0,0,0.0011956999987887684,
alpha_0.5_123_078a4205,alpha_0.5,train,146,123,easy,5,5,0.5,0.95,0.09620547418960962,default,100,3.0,8,1,1,0,0,0.0008959000006143469,
alpha_0.5_123_078a4205,alpha_0.5,train,147,123,easy,5,5,0.5,0.95,0.09572444681866157,default,100,3.0,8,1,1,0,0,0.001038200000039069,
alpha_0.5_123_078a4205,alpha_0.5,train,148,123,easy,5,5,0.5,0.95,0.09524582458456826,default,100,0.0,11,1,1,0,0,0.001150799998868024,
alpha_0.5_123_078a4205,alpha_0.5,train,149,123,easy,5,5,0.5,0.95,0.09476959546164541,default,100,3.0,8,1,1,0,0,0.0009096999965549912,
alpha_0.5_123_078a4205,alpha_0.5,train,150,123,easy,5,5,0.5,0.95,0.09429574748433718,default,100,3.0,8,1,1,0,0,0.0009103000011236873,
alpha_0.5_123_078a4205,alpha_0.5,train,151,123,easy,5,5,0.5,0.95,0.09382426874691549,default,100,3.0,8,1,1,0,0,0.0009105000026465859,
alpha_0.5_123_078a4205,alpha_0.5,train,152,123,easy,5,5,0.5,0.95,0.09335514740318092,default,100,1.0,10,1,1,0,0,0.0014114000005065463,
alpha_0.5_123_078a4205,alpha_0.5,train,153,123,easy,5,5,0.5,0.95,0.09288837166616501,default,100,2.0,9,1,1,0,0,0.0010909999982686713,
alpha_0.5_123_078a4205,alpha_0.5,train,154,123,easy,5,5,0.5,0.95,0.09242392980783419,default,100,3.0,8,1,1,0,0,0.0017459000009694137,
alpha_0.5_123_078a4205,alpha_0.5,train,155,123,easy,5,5,0.5,0.95,0.09196181015879502,default,100,0.0,11,1,1,0,0,0.0013794000005873386,
alpha_0.5_123_078a4205,alpha_0.5,train,156,123,easy,5,5,0.5,0.95,0.09150200110800105,default,100,3.0,8,1,1,0,0,0.0010197000010521151,
alpha_0.5_123_078a4205,alpha_0.5,train,157,123,easy,5,5,0.5,0.95,0.09104449110246104,default,100,3.0,8,1,1,0,0,0.0008898000014596619,
alpha_0.5_123_078a4205,alpha_0.5,train,158,123,easy,5,5,0.5,0.95,0.09058926864694875,default,100,2.0,9,1,1,0,0,0.0009970000028260984,
alpha_0.5_123_078a4205,alpha_0.5,train,159,123,easy,5,5,0.5,0.95,0.090136322303714,default,100,3.0,8,1,1,0,0,0.001023100001475541,
alpha_0.5_123_078a4205,alpha_0.5,train,160,123,easy,5,5,0.5,0.95,0.08968564069219544,default,100,2.0,9,1,1,0,0,0.0010905999988608528,
alpha_0.5_123_078a4205,alpha_0.5,train,161,123,easy,5,5,0.5,0.95,0.08923721248873447,default,100,3.0,8,1,1,0,0,0.0009716999993543141,
alpha_0.5_123_078a4205,alpha_0.5,train,162,123,easy,5,5,0.5,0.95,0.08879102642629079,default,100,3.0,8,1,1,0,0,0.0009282999999413732,
alpha_0.5_123_078a4205,alpha_0.5,train,163,123,easy,5,5,0.5,0.95,0.08834707129415934,default,100,3.0,8,1,1,0,0,0.0009037999989232048,
alpha_0.5_123_078a4205,alpha_0.5,train,164,123,easy,5,5,0.5,0.95,0.08790533593768854,default,100,3.0,8,1,1,0,0,0.0009669999999459833,
alpha_0.5_123_078a4205,alpha_0.5,train,165,123,easy,5,5,0.5,0.95,0.0874658092580001,default,100,3.0,8,1,1,0,0,0.0009088000006158836,
alpha_0.5_123_078a4205,alpha_0.5,train,166,123,easy,5,5,0.5,0.95,0.0870284802117101,default,100,3.0,8,1,1,0,0,0.0009242999985872302,
alpha_0.5_123_078a4205,alpha_0.5,train,167,123,easy,5,5,0.5,0.95,0.08659333781065155,default,100,2.0,9,1,1,0,0,0.0010063000008813106,
alpha_0.5_123_078a4205,alpha_0.5,train,168,123,easy,5,5,0.5,0.95,0.0861603711215983,default,100,2.0,9,1,1,0,0,0.0009716999993543141,
alpha_0.5_123_078a4205,alpha_0.5,train,169,123,easy,5,5,0.5,0.95,0.0857295692659903,default,100,3.0,8,1,1,0,0,0.0009155000007012859,
alpha_0.5_123_078a4205,alpha_0.5,train,170,123,easy,5,5,0.5,0.95,0.08530092141966035,default,100,2.0,9,1,1,0,0,0.0010792999964905903,
alpha_0.5_123_078a4205,alpha_0.5,train,171,123,easy,5,5,0.5,0.95,0.08487441681256205,default,100,1.0,10,1,1,0,0,0.0011712999985320494,
alpha_0.5_123_078a4205,alpha_0.5,train,172,123,easy,5,5,0.5,0.95,0.08445004472849925,default,100,3.0,8,1,1,0,0,0.0009549000023980625,
alpha_0.5_123_078a4205,alpha_0.5,train,173,123,easy,5,5,0.5,0.95,0.08402779450485676,default,100,3.0,8,1,1,0,0,0.0009298000004491769,
alpha_0.5_123_078a4205,alpha_0.5,train,174,123,easy,5,5,0.5,0.95,0.08360765553233247,default,100,3.0,8,1,1,0,0,0.0014526000013574958,
alpha_0.5_123_078a4205,alpha_0.5,train,175,123,easy,5,5,0.5,0.95,0.0831896172546708,default,100,3.0,8,1,1,0,0,0.001727399998344481,
alpha_0.5_123_078a4205,alpha_0.5,train,176,123,easy,5,5,0.5,0.95,0.08277366916839746,default,100,3.0,8,1,1,0,0,0.0009436000000278,
alpha_0.5_123_078a4205,alpha_0.5,train,177,123,easy,5,5,0.5,0.95,0.08235980082255547,default,100,2.0,9,1,1,0,0,0.0010575000014796387,
alpha_0.5_123_078a4205,alpha_0.5,train,178,123,easy,5,5,0.5,0.95,0.08194800181844268,default,100,1.0,10,1,1,0,0,0.0011019999983545858,
alpha_0.5_123_078a4205,alpha_0.5,train,179,123,easy,5,5,0.5,0.95,0.08153826180935046,default,100,3.0,8,1,1,0,0,0.0009327000007033348,
alpha_0.5_123_078a4205,alpha_0.5,train,180,123,easy,5,5,0.5,0.95,0.08113057050030371,default,100,3.0,8,1,1,0,0,0.0009432000006199814,
alpha_0.5_123_078a4205,alpha_0.5,train,181,123,easy,5,5,0.5,0.95,0.0807249176478022,default,100,3.0,8,1,1,0,0,0.0012267000020074192,
alpha_0.5_123_078a4205,alpha_0.5,train,182,123,easy,5,5,0.5,0.95,0.08032129305956318,default,100,3.0,8,1,1,0,0,0.001079300000128569,
alpha_0.5_123_078a4205,alpha_0.5,train,183,123,easy,5,5,0.5,0.95,0.07991968659426536,default,100,3.0,8,1,1,0,0,0.0009528000009595416,
alpha_0.5_123_078a4205,alpha_0.5,train,184,123,easy,5,5,0.5,0.95,0.07952008816129404,default,100,3.0,8,1,1,0,0,0.0010180999997828621,
alpha_0.5_123_078a4205,alpha_0.5,train,185,123,easy,5,5,0.5,0.95,0.07912248772048756,default,100,-1.0,12,1,1,0,0,0.0012023000017507002,
alpha_0.5_123_078a4205,alpha_0.5,train,186,123,easy,5,5,0.5,0.95,0.07872687528188513,default,100,2.0,9,1,1,0,0,0.0009831999996094964,
alpha_0.5_123_078a4205,alpha_0.5,train,187,123,easy,5,5,0.5,0.95,0.0783332409054757,default,100,-1.0,12,1,1,0,0,0.0013235000005806796,
alpha_0.5_123_078a4205,alpha_0.5,train,188,123,easy,5,5,0.5,0.95,0.07794157470094833,default,100,3.0,8,1,1,0,0,0.0009299999983340967,
alpha_0.5_123_078a4205,alpha_0.5,train,189,123,easy,5,5,0.5,0.95,0.07755186682744358,default,100,3.0,8,1,1,0,0,0.0009288000001106411,
alpha_0.5_123_078a4205,alpha_0.5,train,190,123,easy,5,5,0.5,0.95,0.07716410749330636,default,100,3.0,8,1,1,0,0,0.0009653000015532598,
alpha_0.5_123_078a4205,alpha_0.5,train,191,123,easy,5,5,0.5,0.95,0.07677828695583983,default,100,2.0,9,1,1,0,0,0.0009841999999480322,
alpha_0.5_123_078a4205,alpha_0.5,train,192,123,easy,5,5,0.5,0.95,0.07639439552106063,default,100,3.0,8,1,1,0,0,0.0009352000015496742,
alpha_0.5_123_078a4205,alpha_0.5,train,193,123,easy,5,5,0.5,0.95,0.07601242354345533,default,100,3.0,8,1,1,0,0,0.0009099000017158687,
alpha_0.5_123_078a4205,alpha_0.5,train,194,123,easy,5,5,0.5,0.95,0.07563236142573805,default,100,1.0,10,1,1,0,0,0.0010250999985146336,
alpha_0.5_123_078a4205,alpha_0.5,train,195,123,easy,5,5,0.5,0.95,0.07525419961860937,default,100,1.0,10,1,1,0,0,0.0019778999994741753,
alpha_0.5_123_078a4205,alpha_0.5,train,196,123,easy,5,5,0.5,0.95,0.07487792862051632,default,100,2.0,9,1,1,0,0,0.0011072999986936338,
alpha_0.5_123_078a4205,alpha_0.5,train,197,123,easy,5,5,0.5,0.95,0.07450353897741373,default,100,3.0,8,1,1,0,0,0.0009958999980881345,
alpha_0.5_123_078a4205,alpha_0.5,train,198,123,easy,5,5,0.5,0.95,0.07413102128252666,default,100,3.0,8,1,1,0,0,0.00093620000188821,
alpha_0.5_123_078a4205,alpha_0.5,train,199,123,easy,5,5,0.5,0.95,0.07376036617611402,default,100,3.0,8,1,1,0,0,0.0009649000021454412,
alpha_0.5_123_078a4205,alpha_0.5,train,200,123,easy,5,5,0.5,0.95,0.07339156434523345,default,100,2.0,9,1,1,0,0,0.0009688999998616055,results\alpha_comparison\alpha_0.5\seed_123\qtable_ep200.npz
alpha_0.5_123_078a4205,alpha_0.5,train,201,123,easy,5,5,0.5,0.95,0.07302460652350727,default,100,2.0,9,1,1,0,0,0.0019163999968441203,
alpha_0.5_123_078a4205,alpha_0.5,train,202,123,easy,5,5,0.5,0.95,0.07265948349088973,default,100,3.0,8,1,1,0,0,0.0015468999990844168,
alpha_0.5_123_078a4205,alpha_0.5,train,203,123,easy,5,5,0.5,0.95,0.07229618607343528,default,100,3.0,8,1,1,0,0,0.0015555999998468906,
alpha_0.5_123_078a4205,alpha_0.5,train,204,123,easy,5,5,0.5,0.95,0.0719347051430681,default,100,3.0,8,1,1,0,0,0.0015854999983275775,
alpha_0.5_123_078a4205,alpha_0.5,train,205,123,easy,5,5,0.5,0.95,0.07157503161735276,default,100,1.0,10,1,1,0,0,0.0018139999992854428,
alpha_0.5_123_078a4205,alpha_0.5,train,206,123,easy,5,5,0.5,0.95,0.071217156459266,default,100,3.0,8,1,1,0,0,0.0021581000000878703,
alpha_0.5_123_078a4205,alpha_0.5,train,207,123,easy,5,5,0.5,0.95,0.07086107067696967,default,100,3.0,8,1,1,0,0,0.0012251000007381663,
alpha_0.5_123_078a4205,alpha_0.5,train,208,123,easy,5,5,0.5,0.95,0.07050676532358482,default,100,3.0,8,1,1,0,0,0.0010182000005443115,
alpha_0.5_123_078a4205,alpha_0.5,train,209,123,easy,5,5,0.5,0.95,0.0701542314969669,default,100,3.0,8,1,1,0,0,0.0009878000018943567,
alpha_0.5_123_078a4205,alpha_0.5,train,210,123,easy,5,5,0.5,0.95,0.06980346033948207,default,100,1.0,10,1,1,0,0,0.001103400001738919,
alpha_0.5_123_078a4205,alpha_0.5,train,211,123,easy,5,5,0.5,0.95,0.06945444303778466,default,100,3.0,8,1,1,0,0,0.0009253999996872153,
alpha_0.5_123_078a4205,alpha_0.5,train,212,123,easy,5,5,0.5,0.95,0.06910717082259574,default,100,3.0,8,1,1,0,0,0.001028099999530241,
alpha_0.5_123_078a4205,alpha_0.5,train,213,123,easy,5,5,0.5,0.95,0.06876163496848275,default,100,3.0,8,1,1,0,0,0.0009251000010408461,
alpha_0.5_123_078a4205,alpha_0.5,train,214,123,easy,5,5,0.5,0.95,0.06841782679364034,default,100,3.0,8,1,1,0,0,0.0011957000024267472,
alpha_0.5_123_078a4205,alpha_0.5,train,215,123,easy,5,5,0.5,0.95,0.06807573765967213,default,100,3.0,8,1,1,0,0,0.000971200002823025,
alpha_0.5_123_078a4205,alpha_0.5,train,216,123,easy,5,5,0.5,0.95,0.06773535897137377,default,100,3.0,8,1,1,0,0,0.0010194999995292164,
alpha_0.5_123_078a4205,alpha_0.5,train,217,123,easy,5,5,0.5,0.95,0.0673966821765169,default,100,1.0,10,1,1,0,0,0.0010672999997041188,
alpha_0.5_123_078a4205,alpha_0.5,train,218,123,easy,5,5,0.5,0.95,0.0670596987656343,default,100,3.0,8,1,1,0,0,0.0009195000020554289,
alpha_0.5_123_078a4205,alpha_0.5,train,219,123,easy,5,5,0.5,0.95,0.06672440027180614,default,100,2.0,9,1,1,0,0,0.0009401000024809036,
alpha_0.5_123_078a4205,alpha_0.5,train,220,123,easy,5,5,0.5,0.95,0.0663907782704471,default,100,1.0,10,1,1,0,0,0.0014068999989831354,
alpha_0.5_123_078a4205,alpha_0.5,train,221,123,easy,5,5,0.5,0.95,0.06605882437909487,default,100,3.0,8,1,1,0,0,0.0011801000000559725,
alpha_0.5_123_078a4205,alpha_0.5,train,222,123,easy,5,5,0.5,0.95,0.0657285302571994,default,100,3.0,8,1,1,0,0,0.0009538999984215479,
alpha_0.5_123_078a4205,alpha_0.5,train,223,123,easy,5,5,0.5,0.95,0.06539988760591339,default,100,3.0,8,1,1,0,0,0.0010178999982599635,
alpha_0.5_123_078a4205,alpha_0.5,train,224,123,easy,5,5,0.5,0.95,0.06507288816788383,default,100,3.0,8,1,1,0,0,0.0009433000013814308,
alpha_0.5_123_078a4205,alpha_0.5,train,225,123,easy,5,5,0.5,0.95,0.06474752372704441,default,100,3.0,8,1,1,0,0,0.000876300000527408,
alpha_0.5_123_078a4205,alpha_0.5,train,226,123,easy,5,5,0.5,0.95,0.0644237861084092,default,100,2.0,9,1,1,0,0,0.001259500000742264,
alpha_0.5_123_078a4205,alpha_0.5,train,227,123,easy,5,5,0.5,0.95,0.06410166717786715,default,100,3.0,8,1,1,0,0,0.0022768999988329597,
alpha_0.5_123_078a4205,alpha_0.5,train,228,123,easy,5,5,0.5,0.95,0.06378115884197781,default,100,2.0,9,1,1,0,0,0.0019086000029346906,
alpha_0.5_123_078a4205,alpha_0.5,train,229,123,easy,5,5,0.5,0.95,0.06346225304776792,default,100,3.0,8,1,1,0,0,0.0009715000014693942,
alpha_0.5_123_078a4205,alpha_0.5,train,230,123,easy,5,5,0.5,0.95,0.06314494178252908,default,100,3.0,8,1,1,0,0,0.0013029999972786754,
alpha_0.5_123_078a4205,alpha_0.5,train,231,123,easy,5,5,0.5,0.95,0.06282921707361644,default,100,3.0,8,1,1,0,0,0.0010091000003740191,
alpha_0.5_123_078a4205,alpha_0.5,train,232,123,easy,5,5,0.5,0.95,0.06251507098824835,default,100,3.0,8,1,1,0,0,0.0009184000009554438,
alpha_0.5_123_078a4205,alpha_0.5,train,233,123,easy,5,5,0.5,0.95,0.062202495633307105,default,100,3.0,8,1,1,0,0,0.000884000000951346,
alpha_0.5_123_078a4205,alpha_0.5,train,234,123,easy,5,5,0.5,0.95,0.06189148315514057,default,100,0.0,11,1,1,0,0,0.0010980999977618922,
alpha_0.5_123_078a4205,alpha_0.5,train,235,123,easy,5,5,0.5,0.95,0.061582025739364867,default,100,3.0,8,1,1,0,0,0.0008686000001034699,
alpha_0.5_123_078a4205,alpha_0.5,train,236,123,easy,5,5,0.5,0.95,0.06127411561066804,default,100,3.0,8,1,1,0,0,0.0009393000000272878,
alpha_0.5_123_078a4205,alpha_0.5,train,237,123,easy,5,5,0.5,0.95,0.0609677450326147,default,100,3.0,8,1,1,0,0,0.000910999999177875,
alpha_0.5_123_078a4205,alpha_0.5,train,238,123,easy,5,5,0.5,0.95,0.06066290630745162,default,100,3.0,8,1,1,0,0,0.0009477000021433923,
alpha_0.5_123_078a4205,alpha_0.5,train,239,123,easy,5,5,0.5,0.95,0.060359591775914365,default,100,3.0,8,1,1,0,0,0.000893000000360189,
alpha_0.5_123_078a4205,alpha_0.5,train,240,123,easy,5,5,0.5,0.95,0.06005779381703479,default,100,3.0,8,1,1,0,0,0.0013046999993093777,
alpha_0.5_123_078a4205,alpha_0.5,train,241,123,easy,5,5,0.5,0.95,0.059757504847949616,default,100,1.0,10,1,1,0,0,0.0011076999981014524,
alpha_0.5_123_078a4205,alpha_0.5,train,242,123,easy,5,5,0.5,0.95,0.059458717323709866,default,100,3.0,8,1,1,0,0,0.0009466000010434072,
alpha_0.5_123_078a4205,alpha_0.5,train,243,123,easy,5,5,0.5,0.95,0.059161423737091316,default,100,3.0,8,1,1,0,0,0.0008951999989221804,
alpha_0.5_123_078a4205,alpha_0.5,train,244,123,easy,5,5,0.5,0.95,0.05886561661840586,default,100,3.0,8,1,1,0,0,0.0008594999999331776,
alpha_0.5_123_078a4205,alpha_0.5,train,245,123,easy,5,5,0.5,0.95,0.05857128853531383,default,100,3.0,8,1,1,0,0,0.0008918999992602039,
alpha_0.5_123_078a4205,alpha_0.5,train,246,123,easy,5,5,0.5,0.95,0.05827843209263726,default,100,3.0,8,1,1,0,0,0.0008818000023893546,
alpha_0.5_123_078a4205,alpha_0.5,train,247,123,easy,5,5,0.5,0.95,0.05798703993217407,default,100,3.0,8,1,1,0,0,0.0012265000004845206,
alpha_0.5_123_078a4205,alpha_0.5,train,248,123,easy,5,5,0.5,0.95,0.0576971047325132,default,100,2.0,9,1,1,0,0,0.000993699999526143,
alpha_0.5_123_078a4205,alpha_0.5,train,249,123,easy,5,5,0.5,0.95,0.05740861920885063,default,100,3.0,8,1,1,0,0,0.0009204000016325153,
alpha_0.5_123_078a4205,alpha_0.5,train,250,123,easy,5,5,0.5,0.95,0.057121576112806376,default,100,3.0,8,1,1,0,0,0.0008920000000216532,
alpha_0.5_123_078a4205,alpha_0.5,train,251,123,easy,5,5,0.5,0.95,0.056835968232242344,default,100,1.0,10,1,1,0,0,0.0010141999991901685,
alpha_0.5_123_078a4205,alpha_0.5,train,252,123,easy,5,5,0.5,0.95,0.05655178839108113,default,100,3.0,8,1,1,0,0,0.0008889000018825755,
alpha_0.5_123_078a4205,alpha_0.5,train,253,123,easy,5,5,0.5,0.95,0.05626902944912573,default,100,3.0,8,1,1,0,0,0.0008841999988362659,
alpha_0.5_123_078a4205,alpha_0.5,train,254,123,easy,5,5,0.5,0.95,0.0559876843018801,default,100,3.0,8,1,1,0,0,0.0008793000015430152,
alpha_0.5_123_078a4205,alpha_0.5,train,255,123,easy,5,5,0.5,0.95,0.055707745880370696,default,100,3.0,8,1,1,0,0,0.0009064000005309936,
alpha_0.5_123_078a4205,alpha_0.5,train,256,123,easy,5,5,0.5,0.95,0.05542920715096884,default,100,3.0,8,1,1,0,0,0.0008974000011221506,
alpha_0.5_123_078a4205,alpha_0.5,train,257,123,easy,5,5,0.5,0.95,0.055152061115214,default,100,3.0,8,1,1,0,0,0.0009236000005330425,
alpha_0.5_123_078a4205,alpha_0.5,train,258,123,easy,5,5,0.5,0.95,0.05487630080963793,default,100,-1.0,12,1,1,0,0,0.001392199999827426,
alpha_0.5_123_078a4205,alpha_0.5,train,259,123,easy,5,5,0.5,0.95,0.05460191930558974,default,100,-1.0,12,1,1,0,0,0.001169099999970058,
alpha_0.5_123_078a4205,alpha_0.5,train,260,123,easy,5,5,0.5,0.95,0.05432890970906179,default,100,3.0,8,1,1,0,0,0.0009209000018017832,
alpha_0.5_123_078a4205,alpha_0.5,train,261,123,easy,5,5,0.5,0.95,0.05405726516051648,default,100,3.0,8,1,1,0,0,0.0013730999999097548,
alpha_0.5_123_078a4205,alpha_0.5,train,262,123,easy,5,5,0.5,0.95,0.0537869788347139,default,100,3.0,8,1,1,0,0,0.0013235000005806796,
alpha_0.5_123_078a4205,alpha_0.5,train,263,123,easy,5,5,0.5,0.95,0.053518043940540334,default,100,3.0,8,1,1,0,0,0.0013902999999118038,
alpha_0.5_123_078a4205,alpha_0.5,train,264,123,easy,5,5,0.5,0.95,0.053250453720837636,default,100,3.0,8,1,1,0,0,0.0013562999993155245,
alpha_0.5_123_078a4205,alpha_0.5,train,265,123,easy,5,5,0.5,0.95,0.05298420145223345,default,100,-1.0,12,1,1,0,0,0.0018132000004698057,
alpha_0.5_123_078a4205,alpha_0.5,train,266,123,easy,5,5,0.5,0.95,0.05271928044497228,default,100,2.0,9,1,1,0,0,0.0017586000030860305,
alpha_0.5_123_078a4205,alpha_0.5,train,267,123,easy,5,5,0.5,0.95,0.05245568404274742,default,100,1.0,10,1,1,0,0,0.0017497999979241285,
alpha_0.5_123_078a4205,alpha_0.5,train,268,123,easy,5,5,0.5,0.95,0.05219340562253368,default,100,3.0,8,1,1,0,0,0.001214399999298621,
alpha_0.5_123_078a4205,alpha_0.5,train,269,123,easy,5,5,0.5,0.95,0.05193243859442102,default,100,3.0,8,1,1,0,0,0.0012251000007381663,
alpha_0.5_123_078a4205,alpha_0.5,train,270,123,easy,5,5,0.5,0.95,0.05167277640144891,default,100,3.0,8,1,1,0,0,0.0009925000013026875,
alpha_0.5_123_078a4205,alpha_0.5,train,271,123,easy,5,5,0.5,0.95,0.05141441251944167,default,100,1.0,10,1,1,0,0,0.0011651999993773643,
alpha_0.5_123_078a4205,alpha_0.5,train,272,123,easy,5,5,0.5,0.95,0.05115734045684446,default,100,3.0,8,1,1,0,0,0.0011680000025080517,
alpha_0.5_123_078a4205,alpha_0.5,train,273,123,easy,5,5,0.5,0.95,0.050901553754560236,default,100,3.0,8,1,1,0,0,0.0009170000012090895,
alpha_0.5_123_078a4205,alpha_0.5,train,274,123,easy,5,5,0.5,0.95,0.05064704598578743,default,100,2.0,9,1,1,0,0,0.0009526999965601135,
alpha_0.5_123_078a4205,alpha_0.5,train,275,123,easy,5,5,0.5,0.95,0.0503938107558585,default,100,3.0,8,1,1,0,0,0.0009347000013804063,
alpha_0.5_123_078a4205,alpha_0.5,train,276,123,easy,5,5,0.5,0.95,0.05014184170207921,default,100,2.0,9,1,1,0,0,0.001012000000628177,
alpha_0.5_123_078a4205,alpha_0.5,train,277,123,easy,5,5,0.5,0.95,0.05,default,100,3.0,8,1,1,0,0,0.0009404000011272728,
alpha_0.5_123_078a4205,alpha_0.5,train,278,123,easy,5,5,0.5,0.95,0.05,default,100,3.0,8,1,1,0,0,0.0008832000021357089,
alpha_0.5_123_078a4205,alpha_0.5,train,279,123,easy,5,5,0.5,0.95,0.05,default,100,3.0,8,1,1,0,0,0.0009049000000231899,
alpha_0.5_123_078a4205,alpha_0.5,train,280,123,easy,5,5,0.5,0.95,0.05,default,100,3.0,8,1,1,0,0,0.0009143999996013008,
alpha_0.5_123_078a4205,alpha_0.5,train,281,123,easy,5,5,0.5,0.95,0.05,default,100,3.0,8,1,1,0,0,0.0009977999980037566,
alpha_0.5_123_078a4205,alpha_0.5,train,282,123,easy,5,5,0.5,0.95,0.05,default,100,3.0,8,1,1,0,0,0.0010890000012295786,
alpha_0.5_123_078a4205,alpha_0.5,train,283,123,easy,5,5,0.5,0.95,0.05,default,100,3.0,8,1,1,0,0,0.0009471999983361457,
alpha_0.5_123_078a4205,alpha_0.5,train,284,123,easy,5,5,0.5,0.95,0.05,default,100,3.0,8,1,1,0,0,0.0009375000008731149,
alpha_0.5_123_078a4205,alpha_0.5,train,285,123,easy,5,5,0.5,0.95,0.05,default,100,3.0,8,1,1,0,0,0.0010961000007227995,
alpha_0.5_123_078a4205,alpha_0.5,train,286,123,easy,5,5,0.5,0.95,0.05,default,100,2.0,9,1,1,0,0,0.0010196000002906658,
alpha_0.5_123_078a4205,alpha_0.5,train,287,123,easy,5,5,0.5,0.95,0.05,default,100,3.0,8,1,1,0,0,0.0012946000024385285,
alpha_0.5_123_078a4205,alpha_0.5,train,288,123,easy,5,5,0.5,0.95,0.05,default,100,1.0,10,1,1,0,0,0.0013236999984655995,
alpha_0.5_123_078a4205,alpha_0.5,train,289,123,easy,5,5,0.5,0.95,0.05,default,100,-1.0,12,1,1,0,0,0.0017092000016418751,
alpha_0.5_123_078a4205,alpha_0.5,train,290,123,easy,5,5,0.5,0.95,0.05,default,100,3.0,8,1,1,0,0,0.0012315000021771993,
alpha_0.5_123_078a4205,alpha_0.5,train,291,123,easy,5,5,0.5,0.95,0.05,default,100,3.0,8,1,1,0,0,0.0013228999996499624,
alpha_0.5_123_078a4205,alpha_0.5,train,292,123,easy,5,5,0.5,0.95,0.05,default,100,3.0,8,1,1,0,0,0.0009100999996007886,
alpha_0.5_123_078a4205,alpha_0.5,train,293,123,easy,5,5,0.5,0.95,0.05,default,100,3.0,8,1,1,0,0,0.0009248999995179474,
alpha_0.5_123_078a4205,alpha_0.5,train,294,123,easy,5,5,0.5,0.95,0.05,default,100,2.0,9,1,1,0,0,0.000954999999521533,
alpha_0.5_123_078a4205,alpha_0.5,train,295,123,easy,5,5,0.5,0.95,0.05,default,100,1.0,10,1,1,0,0,0.001051200000802055,
alpha_0.5_123_078a4205,alpha_0.5,train,296,123,easy,5,5,0.5,0.95,0.05,default,100,2.0,9,1,1,0,0,0.0009611999994376674,
alpha_0.5_123_078a4205,alpha_0.5,train,297,123,easy,5,5,0.5,0.95,0.05,default,100,3.0,8,1,1,0,0,0.0013429999999061693,
alpha_0.5_123_078a4205,alpha_0.5,train,298,123,easy,5,5,0.5,0.95,0.05,default,100,3.0,8,1,1,0,0,0.000939900000958005,
alpha_0.5_123_078a4205,alpha_0.5,train,299,123,easy,5,5,0.5,0.95,0.05,default,100,1.0,10,1,1,0,0,0.0010906000024988316,
alpha_0.5_123_078a4205,alpha_0.5,train,300,123,easy,5,5,0.5,0.95,0.05,default,100,3.0,8,1,1,0,0,0.0009184000009554438,
alpha_0.5_123_078a4205,alpha_0.5,train,301,123,easy,5,5,0.5,0.95,0.05,default,100,2.0,9,1,1,0,0,0.0016899000002013054,
alpha_0.5_123_078a4205,alpha_0.5,train,302,123,easy,5,5,0.5,0.95,0.05,default,100,3.0,8,1,1,0,0,0.0009709999976621475,
alpha_0.5_123_078a4205,alpha_0.5,train,303,123,easy,5,5,0.5,0.95,0.05,default,100,3.0,8,1,1,0,0,0.0009160000008705538,
alpha_0.5_123_078a4205,alpha_0.5,train,304,123,easy,5,5,0.5,0.95,0.05,default,100,3.0,8,1,1,0,0,0.0019831999998132233,
alpha_0.5_123_078a4205,alpha_0.5,train,305,123,easy,5,5,0.5,0.95,0.05,default,100,3.0,8,1,1,0,0,0.000979399999778252,
alpha_0.5_123_078a4205,alpha_0.5,train,306,123,easy,5,5,0.5,0.95,0.05,default,100,3.0,8,1,1,0,0,0.0011997000001429114,
alpha_0.5_123_078a4205,alpha_0.5,train,307,123,easy,5,5,0.5,0.95,0.05,default,100,3.0,8,1,1,0,0,0.0011363999983586837,
alpha_0.5_123_078a4205,alpha_0.5,train,308,123,easy,5,5,0.5,0.95,0.05,default,100,2.0,9,1,1,0,0,0.0010447000022395514,
alpha_0.5_123_078a4205,alpha_0.5,train,309,123,easy,5,5,0.5,0.95,0.05,default,100,2.0,9,1,1,0,0,0.0010124000000359956,
alpha_0.5_123_078a4205,alpha_0.5,train,310,123,easy,5,5,0.5,0.95,0.05,default,100,2.0,9,1,1,0,0,0.0009825000015553087,
alpha_0.5_123_078a4205,alpha_0.5,train,311,123,easy,5,5,0.5,0.95,0.05,default,100,3.0,8,1,1,0,0,0.0008973000003607012,
alpha_0.5_123_078a4205,alpha_0.5,train,312,123,easy,5,5,0.5,0.95,0.05,default,100,3.0,8,1,1,0,0,0.0009213000012096018,
alpha_0.5_123_078a4205,alpha_0.5,train,313,123,easy,5,5,0.5,0.95,0.05,default,100,1.0,10,1,1,0,0,0.0012267000020074192,
alpha_0.5_123_078a4205,alpha_0.5,train,314,123,easy,5,5,0.5,0.95,0.05,default,100,3.0,8,1,1,0,0,0.000954500002990244,
alpha_0.5_123_078a4205,alpha_0.5,train,315,123,easy,5,5,0.5,0.95,0.05,default,100,3.0,8,1,1,0,0,0.0009074000008695293,
alpha_0.5_123_078a4205,alpha_0.5,train,316,123,easy,5,5,0.5,0.95,0.05,default,100,3.0,8,1,1,0,0,0.0009196999999403488,
alpha_0.5_123_078a4205,alpha_0.5,train,317,123,easy,5,5,0.5,0.95,0.05,default,100,2.0,9,1,1,0,0,0.001007000002573477,
alpha_0.5_123_078a4205,alpha_0.5,train,318,123,easy,5,5,0.5,0.95,0.05,default,100,1.0,10,1,1,0,0,0.0033502999976917636,
alpha_0.5_123_078a4205,alpha_0.5,train,319,123,easy,5,5,0.5,0.95,0.05,default,100,2.0,9,1,1,0,0,0.0015990000028978102,
alpha_0.5_123_078a4205,alpha_0.5,train,320,123,easy,5,5,0.5,0.95,0.05,default,100,2.0,9,1,1,0,0,0.0020522000013443176,
alpha_0.5_123_078a4205,alpha_0.5,train,321,123,easy,5,5,0.5,0.95,0.05,default,100,3.0,8,1,1,0,0,0.0019076999997196253,
alpha_0.5_123_078a4205,alpha_0.5,train,322,123,easy,5,5,0.5,0.95,0.05,default,100,3.0,8,1,1,0,0,0.001615599998331163,
alpha_0.5_123_078a4205,alpha_0.5,train,323,123,easy,5,5,0.5,0.95,0.05,default,100,3.0,8,1,1,0,0,0.0014725999972142745,
alpha_0.5_123_078a4205,alpha_0.5,train,324,123,easy,5,5,0.5,0.95,0.05,default,100,3.0,8,1,1,0,0,0.0015992999979062006,
alpha_0.5_123_078a4205,alpha_0.5,train,325,123,easy,5,5,0.5,0.95,0.05,default,100,3.0,8,1,1,0,0,0.0015954999980749562,
alpha_0.5_123_078a4205,alpha_0.5,train,326,123,easy,5,5,0.5,0.95,0.05,default,100,3.0,8,1,1,0,0,0.0015407999999297317,
alpha_0.5_123_078a4205,alpha_0.5,train,327,123,easy,5,5,0.5,0.95,0.05,default,100,3.0,8,1,1,0,0,0.0015067999993334524,
alpha_0.5_123_078a4205,alpha_0.5,train,328,123,easy,5,5,0.5,0.95,0.05,default,100,2.0,9,1,1,0,0,0.0019396000025153626,
alpha_0.5_123_078a4205,alpha_0.5,train,329,123,easy,5,5,0.5,0.95,0.05,default,100,3.0,8,1,1,0,0,0.0026795999983733054,
alpha_0.5_123_078a4205,alpha_0.5,train,330,123,easy,5,5,0.5,0.95,0.05,default,100,3.0,8,1,1,0,0,0.0017001000014715828,
alpha_0.5_123_078a4205,alpha_0.5,train,331,123,easy,5,5,0.5,0.95,0.05,default,100,3.0,8,1,1,0,0,0.0013920999990659766,
alpha_0.5_123_078a4205,alpha_0.5,train,332,123,easy,5,5,0.5,0.95,0.05,default,100,3.0,8,1,1,0,0,0.0015827999995963182,
alpha_0.5_123_078a4205,alpha_0.5,train,333,123,easy,5,5,0.5,0.95,0.05,default,100,1.0,10,1,1,0,0,0.001863400000729598,
alpha_0.5_123_078a4205,alpha_0.5,train,334,123,easy,5,5,0.5,0.95,0.05,default,100,3.0,8,1,1,0,0,0.002242799997475231,
alpha_0.5_123_078a4205,alpha_0.5,train,335,123,easy,5,5,0.5,0.95,0.05,default,100,0.0,11,1,1,0,0,0.003042499996809056,
alpha_0.5_123_078a4205,alpha_0.5,train,336,123,easy,5,5,0.5,0.95,0.05,default,100,3.0,8,1,1,0,0,0.0022209999988263007,
alpha_0.5_123_078a4205,alpha_0.5,train,337,123,easy,5,5,0.5,0.95,0.05,default,100,3.0,8,1,1,0,0,0.0012404999979480635,
alpha_0.5_123_078a4205,alpha_0.5,train,338,123,easy,5,5,0.5,0.95,0.05,default,100,3.0,8,1,1,0,0,0.0020184999993944075,
alpha_0.5_123_078a4205,alpha_0.5,train,339,123,easy,5,5,0.5,0.95,0.05,default,100,3.0,8,1,1,0,0,0.0009820000013860408,
alpha_0.5_123_078a4205,alpha_0.5,train,340,123,easy,5,5,0.5,0.95,0.05,default,100,2.0,9,1,1,0,0,0.002023900000494905,
alpha_0.5_123_078a4205,alpha_0.5,train,341,123,easy,5,5,0.5,0.95,0.05,default,100,3.0,8,1,1,0,0,0.0014664999980595894,
alpha_0.5_123_078a4205,alpha_0.5,train,342,123,easy,5,5,0.5,0.95,0.05,default,100,3.0,8,1,1,0,0,0.001094100000045728,
alpha_0.5_123_078a4205,alpha_0.5,train,343,123,easy,5,5,0.5,0.95,0.05,default,100,3.0,8,1,1,0,0,0.0009360999974887818,
alpha_0.5_123_078a4205,alpha_0.5,train,344,123,easy,5,5,0.5,0.95,0.05,default,100,3.0,8,1,1,0,0,0.0009207000002788845,
alpha_0.5_123_078a4205,alpha_0.5,train,345,123,easy,5,5,0.5,0.95,0.05,default,100,3.0,8,1,1,0,0,0.0009597000025678426,
alpha_0.5_123_078a4205,alpha_0.5,train,346,123,easy,5,5,0.5,0.95,0.05,default,100,3.0,8,1,1,0,0,0.0010091000003740191,
alpha_0.5_123_078a4205,alpha_0.5,train,347,123,easy,5,5,0.5,0.95,0.05,default,100,3.0,8,1,1,0,0,0.0012572000014188234,
alpha_0.5_123_078a4205,alpha_0.5,train,348,123,easy,5,5,0.5,0.95,0.05,default,100,3.0,8,1,1,0,0,0.0013524000023608096,
alpha_0.5_123_078a4205,alpha_0.5,train,349,123,easy,5,5,0.5,0.95,0.05,default,100,3.0,8,1,1,0,0,0.0009571000009600539,
alpha_0.5_123_078a4205,alpha_0.5,train,350,123,easy,5,5,0.5,0.95,0.05,default,100,3.0,8,1,1,0,0,0.0009278000034100842,
alpha_0.5_123_078a4205,alpha_0.5,train,351,123,easy,5,5,0.5,0.95,0.05,default,100,3.0,8,1,1,0,0,0.0009017999982461333,
alpha_0.5_123_078a4205,alpha_0.5,train,352,123,easy,5,5,0.5,0.95,0.05,default,100,2.0,9,1,1,0,0,0.000974599999608472,
alpha_0.5_123_078a4205,alpha_0.5,train,353,123,easy,5,5,0.5,0.95,0.05,default,100,3.0,8,1,1,0,0,0.000975899998593377,
alpha_0.5_123_078a4205,alpha_0.5,train,354,123,easy,5,5,0.5,0.95,0.05,default,100,3.0,8,1,1,0,0,0.0009129999998549465,
alpha_0.5_123_078a4205,alpha_0.5,train,355,123,easy,5,5,0.5,0.95,0.05,default,100,3.0,8,1,1,0,0,0.0009080000018002465,
alpha_0.5_123_078a4205,alpha_0.5,train,356,123,easy,5,5,0.5,0.95,0.05,default,100,3.0,8,1,1,0,0,0.0009366000012960285,
alpha_0.5_123_078a4205,alpha_0.5,train,357,123,easy,5,5,0.5,0.95,0.05,default,100,3.0,8,1,1,0,0,0.0011192000019946136,
alpha_0.5_123_078a4205,alpha_0.5,train,358,123,easy,5,5,0.5,0.95,0.05,default,100,3.0,8,1,1,0,0,0.0009831999996094964,
alpha_0.5_123_078a4205,alpha_0.5,train,359,123,easy,5,5,0.5,0.95,0.05,default,100,3.0,8,1,1,0,0,0.0009209000018017832,
alpha_0.5_123_078a4205,alpha_0.5,train,360,123,easy,5,5,0.5,0.95,0.05,default,100,3.0,8,1,1,0,0,0.0010027999996964354,
alpha_0.5_123_078a4205,alpha_0.5,train,361,123,easy,5,5,0.5,0.95,0.05,default,100,3.0,8,1,1,0,0,0.0009748999982548412,
alpha_0.5_123_078a4205,alpha_0.5,train,362,123,easy,5,5,0.5,0.95,0.05,default,100,3.0,8,1,1,0,0,0.0009194000012939796,
alpha_0.5_123_078a4205,alpha_0.5,train,363,123,easy,5,5,0.5,0.95,0.05,default,100,3.0,8,1,1,0,0,0.0009013000017148443,
alpha_0.5_123_078a4205,alpha_0.5,train,364,123,easy,5,5,0.5,0.95,0.05,default,100,3.0,8,1,1,0,0,0.0008573999984946568,
alpha_0.5_123_078a4205,alpha_0.5,train,365,123,easy,5,5,0.5,0.95,0.05,default,100,3.0,8,1,1,0,0,0.0009476999985054135,
alpha_0.5_123_078a4205,alpha_0.5,train,366,123,easy,5,5,0.5,0.95,0.05,default,100,3.0,8,1,1,0,0,0.0009296999996877275,
alpha_0.5_123_078a4205,alpha_0.5,train,367,123,easy,5,5,0.5,0.95,0.05,default,100,3.0,8,1,1,0,0,0.0013342999991436955,
alpha_0.5_123_078a4205,alpha_0.5,train,368,123,easy,5,5,0.5,0.95,0.05,default,100,3.0,8,1,1,0,0,0.0010388000009697862,
alpha_0.5_123_078a4205,alpha_0.5,train,369,123,easy,5,5,0.5,0.95,0.05,default,100,0.0,11,1,1,0,0,0.0016163999971468002,
alpha_0.5_123_078a4205,alpha_0.5,train,370,123,easy,5,5,0.5,0.95,0.05,default,100,3.0,8,1,1,0,0,0.0009470999975746963,
alpha_0.5_123_078a4205,alpha_0.5,train,371,123,easy,5,5,0.5,0.95,0.05,default,100,3.0,8,1,1,0,0,0.0009779000029084273,
alpha_0.5_123_078a4205,alpha_0.5,train,372,123,easy,5,5,0.5,0.95,0.05,default,100,3.0,8,1,1,0,0,0.0009266000015486497,
alpha_0.5_123_078a4205,alpha_0.5,train,373,123,easy,5,5,0.5,0.95,0.05,default,100,1.0,10,1,1,0,0,0.0010168000007979572,
alpha_0.5_123_078a4205,alpha_0.5,train,374,123,easy,5,5,0.5,0.95,0.05,default,100,3.0,8,1,1,0,0,0.0008758000003581401,
alpha_0.5_123_078a4205,alpha_0.5,train,375,123,easy,5,5,0.5,0.95,0.05,default,100,3.0,8,1,1,0,0,0.0008946999987529125,
alpha_0.5_123_078a4205,alpha_0.5,train,376,123,easy,5,5,0.5,0.95,0.05,default,100,3.0,8,1,1,0,0,0.0012118999984522816,
alpha_0.5_123_078a4205,alpha_0.5,train,377,123,easy,5,5,0.5,0.95,0.05,default,100,3.0,8,1,1,0,0,0.0009267999994335696,
alpha_0.5_123_078a4205,alpha_0.5,train,378,123,easy,5,5,0.5,0.95,0.05,default,100,2.0,9,1,1,0,0,0.0010737999982666224,
alpha_0.5_123_078a4205,alpha_0.5,train,379,123,easy,5,5,0.5,0.95,0.05,default,100,3.0,8,1,1,0,0,0.0008362999978999142,
alpha_0.5_123_078a4205,alpha_0.5,train,380,123,easy,5,5,0.5,0.95,0.05,default,100,3.0,8,1,1,0,0,0.0009270000009564683,
alpha_0.5_123_078a4205,alpha_0.5,train,381,123,easy,5,5,0.5,0.95,0.05,default,100,3.0,8,1,1,0,0,0.0009915000009641517,
alpha_0.5_123_078a4205,alpha_0.5,train,382,123,easy,5,5,0.5,0.95,0.05,default,100,2.0,9,1,1,0,0,0.0009807999995246064,
alpha_0.5_123_078a4205,alpha_0.5,train,383,123,easy,5,5,0.5,0.95,0.05,default,100,3.0,8,1,1,0,0,0.0010082000007969327,
alpha_0.5_123_078a4205,alpha_0.5,train,384,123,easy,5,5,0.5,0.95,0.05,default,100,2.0,9,1,1,0,0,0.0009480000007897615,
alpha_0.5_123_078a4205,alpha_0.5,train,385,123,easy,5,5,0.5,0.95,0.05,default,100,3.0,8,1,1,0,0,0.0010781000019051135,
alpha_0.5_123_078a4205,alpha_0.5,train,386,123,easy,5,5,0.5,0.95,0.05,default,100,3.0,8,1,1,0,0,0.0009919000003719702,
alpha_0.5_123_078a4205,alpha_0.5,train,387,123,easy,5,5,0.5,0.95,0.05,default,100,3.0,8,1,1,0,0,0.0009554999996908009,
alpha_0.5_123_078a4205,alpha_0.5,train,388,123,easy,5,5,0.5,0.95,0.05,default,100,2.0,9,1,1,0,0,0.0009805000008782372,
alpha_0.5_123_078a4205,alpha_0.5,train,389,123,easy,5,5,0.5,0.95,0.05,default,100,2.0,9,1,1,0,0,0.0009805000008782372,
alpha_0.5_123_078a4205,alpha_0.5,train,390,123,easy,5,5,0.5,0.95,0.05,default,100,2.0,9,1,1,0,0,0.0010655999976734165,
alpha_0.5_123_078a4205,alpha_0.5,train,391,123,easy,5,5,0.5,0.95,0.05,default,100,3.0,8,1,1,0,0,0.0012149000031058677,
alpha_0.5_123_078a4205,alpha_0.5,train,392,123,easy,5,5,0.5,0.95,0.05,default,100,3.0,8,1,1,0,0,0.0012232999979460146,
alpha_0.5_123_078a4205,alpha_0.5,train,393,123,easy,5,5,0.5,0.95,0.05,default,100,3.0,8,1,1,0,0,0.0009633999979996588,
alpha_0.5_123_078a4205,alpha_0.5,train,394,123,easy,5,5,0.5,0.95,0.05,default,100,3.0,8,1,1,0,0,0.0012178999968455173,
alpha_0.5_123_078a4205,alpha_0.5,train,395,123,easy,5,5,0.5,0.95,0.05,default,100,3.0,8,1,1,0,0,0.00102599999809172,
alpha_0.5_123_078a4205,alpha_0.5,train,396,123,easy,5,5,0.5,0.95,0.05,default,100,3.0,8,1,1,0,0,0.0009984999996959232,
alpha_0.5_123_078a4205,alpha_0.5,train,397,123,easy,5,5,0.5,0.95,0.05,default,100,3.0,8,1,1,0,0,0.0009118000016314909,
alpha_0.5_123_078a4205,alpha_0.5,train,398,123,easy,5,5,0.5,0.95,0.05,default,100,3.0,8,1,1,0,0,0.0010642999986885116,
alpha_0.5_123_078a4205,alpha_0.5,train,399,123,easy,5,5,0.5,0.95,0.05,default,100,3.0,8,1,1,0,0,0.0011739999972633086,
alpha_0.5_123_078a4205,alpha_0.5,train,400,123,easy,5,5,0.5,0.95,0.05,default,100,3.0,8,1,1,0,0,0.0011243000008107629,results\alpha_comparison\alpha_0.5\seed_123\qtable_ep400.npz
alpha_0.5_123_078a4205,alpha_0.5,train,401,123,easy,5,5,0.5,0.95,0.05,default,100,3.0,8,1,1,0,0,0.0012872000006609596,
alpha_0.5_123_078a4205,alpha_0.5,train,402,123,easy,5,5,0.5,0.95,0.05,default,100,3.0,8,1,1,0,0,0.0009486000017204788,
alpha_0.5_123_078a4205,alpha_0.5,train,403,123,easy,5,5,0.5,0.95,0.05,default,100,3.0,8,1,1,0,0,0.0009271999988413882,
alpha_0.5_123_078a4205,alpha_0.5,train,404,123,easy,5,5,0.5,0.95,0.05,default,100,3.0,8,1,1,0,0,0.0010550000006332994,
alpha_0.5_123_078a4205,alpha_0.5,train,405,123,easy,5,5,0.5,0.95,0.05,default,100,3.0,8,1,1,0,0,0.0010609000019030645,
alpha_0.5_123_078a4205,alpha_0.5,train,406,123,easy,5,5,0.5,0.95,0.05,default,100,3.0,8,1,1,0,0,0.000964300001214724,
alpha_0.5_123_078a4205,alpha_0.5,train,407,123,easy,5,5,0.5,0.95,0.05,default,100,3.0,8,1,1,0,0,0.0009417000001121778,
alpha_0.5_123_078a4205,alpha_0.5,train,408,123,easy,5,5,0.5,0.95,0.05,default,100,3.0,8,1,1,0,0,0.0009152999991783872,
alpha_0.5_123_078a4205,alpha_0.5,train,409,123,easy,5,5,0.5,0.95,0.05,default,100,1.0,10,1,1,0,0,0.001056500001141103,
alpha_0.5_123_078a4205,alpha_0.5,train,410,123,easy,5,5,0.5,0.95,0.05,default,100,3.0,8,1,1,0,0,0.0009171000019705389,
alpha_0.5_123_078a4205,alpha_0.5,train,411,123,easy,5,5,0.5,0.95,0.05,default,100,1.0,10,1,1,0,0,0.0010470000015629921,
alpha_0.5_123_078a4205,alpha_0.5,train,412,123,easy,5,5,0.5,0.95,0.05,default,100,1.0,10,1,1,0,0,0.001048300000547897,
alpha_0.5_123_078a4205,alpha_0.5,train,413,123,easy,5,5,0.5,0.95,0.05,default,100,3.0,8,1,1,0,0,0.000904099997569574,
alpha_0.5_123_078a4205,alpha_0.5,train,414,123,easy,5,5,0.5,0.95,0.05,default,100,3.0,8,1,1,0,0,0.001123800000641495,
alpha_0.5_123_078a4205,alpha_0.5,train,415,123,easy,5,5,0.5,0.95,0.05,default,100,3.0,8,1,1,0,0,0.0010173999980906956,
alpha_0.5_123_078a4205,alpha_0.5,train,416,123,easy,5,5,0.5,0.95,0.05,default,100,3.0,8,1,1,0,0,0.0011904000020876992,
alpha_0.5_123_078a4205,alpha_0.5,train,417,123,easy,5,5,0.5,0.95,0.05,default,100,3.0,8,1,1,0,0,0.0018048999991151504,
alpha_0.5_123_078a4205,alpha_0.5,train,418,123,easy,5,5,0.5,0.95,0.05,default,100,3.0,8,1,1,0,0,0.0009690000006230548,
alpha_0.5_123_078a4205,alpha_0.5,train,419,123,easy,5,5,0.5,0.95,0.05,default,100,2.0,9,1,1,0,0,0.0009879999997792765,
alpha_0.5_123_078a4205,alpha_0.5,train,420,123,easy,5,5,0.5,0.95,0.05,default,100,3.0,8,1,1,0,0,0.0008993000010377727,
alpha_0.5_123_078a4205,alpha_0.5,train,421,123,easy,5,5,0.5,0.95,0.05,default,100,3.0,8,1,1,0,0,0.0009375999979965854,
alpha_0.5_123_078a4205,alpha_0.5,train,422,123,easy,5,5,0.5,0.95,0.05,default,100,3.0,8,1,1,0,0,0.0009236000005330425,
alpha_0.5_123_078a4205,alpha_0.5,train,423,123,easy,5,5,0.5,0.95,0.05,default,100,3.0,8,1,1,0,0,0.0013609999987238552,
alpha_0.5_123_078a4205,alpha_0.5,train,424,123,easy,5,5,0.5,0.95,0.05,default,100,3.0,8,1,1,0,0,0.0009635999995225575,
alpha_0.5_123_078a4205,alpha_0.5,train,425,123,easy,5,5,0.5,0.95,0.05,default,100,1.0,10,1,1,0,0,0.0010932000004686415,
alpha_0.5_123_078a4205,alpha_0.5,train,426,123,easy,5,5,0.5,0.95,0.05,default,100,1.0,10,1,1,0,0,0.0010843999989447184,
alpha_0.5_123_078a4205,alpha_0.5,train,427,123,easy,5,5,0.5,0.95,0.05,default,100,3.0,8,1,1,0,0,0.0009247999987564981,
alpha_0.5_123_078a4205,alpha_0.5,train,428,123,easy,5,5,0.5,0.95,0.05,default,100,3.0,8,1,1,0,0,0.0009045000006153714,
alpha_0.5_123_078a4205,alpha_0.5,train,429,123,easy,5,5,0.5,0.95,0.05,default,100,3.0,8,1,1,0,0,0.0009161000016320031,
alpha_0.5_123_078a4205,alpha_0.5,train,430,123,easy,5,5,0.5,0.95,0.05,default,100,3.0,8,1,1,0,0,0.0011268000016571023,
alpha_0.5_123_078a4205,alpha_0.5,train,431,123,easy,5,5,0.5,0.95,0.05,default,100,3.0,8,1,1,0,0,0.0009630000022298191,
alpha_0.5_123_078a4205,alpha_0.5,train,432,123,easy,5,5,0.5,0.95,0.05,default,100,3.0,8,1,1,0,0,0.0008889000018825755,
alpha_0.5_123_078a4205,alpha_0.5,train,433,123,easy,5,5,0.5,0.95,0.05,default,100,0.0,11,1,1,0,0,0.0011938999996345956,
alpha_0.5_123_078a4205,alpha_0.5,train,434,123,easy,5,5,0.5,0.95,0.05,default,100,2.0,9,1,1,0,0,0.0009792999990168028,
alpha_0.5_123_078a4205,alpha_0.5,train,435,123,easy,5,5,0.5,0.95,0.05,default,100,3.0,8,1,1,0,0,0.0009139000030700117,
alpha_0.5_123_078a4205,alpha_0.5,train,436,123,easy,5,5,0.5,0.95,0.05,default,100,3.0,8,1,1,0,0,0.0009035000002768356,
alpha_0.5_123_078a4205,alpha_0.5,train,437,123,easy,5,5,0.5,0.95,0.05,default,100,3.0,8,1,1,0,0,0.0009021000005304813,
alpha_0.5_123_078a4205,alpha_0.5,train,438,123,easy,5,5,0.5,0.95,0.05,default,100,2.0,9,1,1,0,0,0.0009825000015553087,
alpha_0.5_123_078a4205,alpha_0.5,train,439,123,easy,5,5,0.5,0.95,0.05,default,100,3.0,8,1,1,0,0,0.0013394000015978236,
alpha_0.5_123_078a4205,alpha_0.5,train,440,123,easy,5,5,0.5,0.95,0.05,default,100,1.0,10,1,1,0,0,0.0013675000009243377,
alpha_0.5_123_078a4205,alpha_0.5,train,441,123,easy,5,5,0.5,0.95,0.05,default,100,1.0,10,1,1,0,0,0.0010817000002134591,
alpha_0.5_123_078a4205,alpha_0.5,train,442,123,easy,5,5,0.5,0.95,0.05,default,100,3.0,8,1,1,0,0,0.0009141000009549316,
alpha_0.5_123_078a4205,alpha_0.5,train,443,123,easy,5,5,0.5,0.95,0.05,default,100,3.0,8,1,1,0,0,0.00090730000010808,
alpha_0.5_123_078a4205,alpha_0.5,train,444,123,easy,5,5,0.5,0.95,0.05,default,100,2.0,9,1,1,0,0,0.0009686999983387068,
alpha_0.5_123_078a4205,alpha_0.5,train,445,123,easy,5,5,0.5,0.95,0.05,default,100,2.0,9,1,1,0,0,0.0011027000000467524,
alpha_0.5_123_078a4205,alpha_0.5,train,446,123,easy,5,5,0.5,0.95,0.05,default,100,1.0,10,1,1,0,0,0.0013657999988936353,
alpha_0.5_123_078a4205,alpha_0.5,train,447,123,easy,5,5,0.5,0.95,0.05,default,100,3.0,8,1,1,0,0,0.0011244999986956827,
alpha_0.5_123_078a4205,alpha_0.5,train,448,123,easy,5,5,0.5,0.95,0.05,default,100,3.0,8,1,1,0,0,0.0009036999981617555,
alpha_0.5_123_078a4205,alpha_0.5,train,449,123,easy,5,5,0.5,0.95,0.05,default,100,3.0,8,1,1,0,0,0.001350599999568658,
alpha_0.5_123_078a4205,alpha_0.5,train,450,123,easy,5,5,0.5,0.95,0.05,default,100,3.0,8,1,1,0,0,0.0009037000017997343,
alpha_0.5_123_078a4205,alpha_0.5,train,451,123,easy,5,5,0.5,0.95,0.05,default,100,3.0,8,1,1,0,0,0.0009442000009585172,
alpha_0.5_123_078a4205,alpha_0.5,train,452,123,easy,5,5,0.5,0.95,0.05,default,100,3.0,8,1,1,0,0,0.001377599997795187,
alpha_0.5_123_078a4205,alpha_0.5,train,453,123,easy,5,5,0.5,0.95,0.05,default,100,3.0,8,1,1,0,0,0.0009690000006230548,
alpha_0.5_123_078a4205,alpha_0.5,train,454,123,easy,5,5,0.5,0.95,0.05,default,100,3.0,8,1,1,0,0,0.0008901000001060311,
alpha_0.5_123_078a4205,alpha_0.5,train,455,123,easy,5,5,0.5,0.95,0.05,default,100,3.0,8,1,1,0,0,0.0011157000008097384,
alpha_0.5_123_078a4205,alpha_0.5,train,456,123,easy,5,5,0.5,0.95,0.05,default,100,3.0,8,1,1,0,0,0.0010855000000447035,
alpha_0.5_123_078a4205,alpha_0.5,train,457,123,easy,5,5,0.5,0.95,0.05,default,100,2.0,9,1,1,0,0,0.001150799998868024,
alpha_0.5_123_078a4205,alpha_0.5,train,458,123,easy,5,5,0.5,0.95,0.05,default,100,3.0,8,1,1,0,0,0.0010059999985969625,
alpha_0.5_123_078a4205,alpha_0.5,train,459,123,easy,5,5,0.5,0.95,0.05,default,100,3.0,8,1,1,0,0,0.0008916000006138347,
alpha_0.5_123_078a4205,alpha_0.5,train,460,123,easy,5,5,0.5,0.95,0.05,default,100,3.0,8,1,1,0,0,0.0011561999999685213,
alpha_0.5_123_078a4205,alpha_0.5,train,461,123,easy,5,5,0.5,0.95,0.05,default,100,2.0,9,1,1,0,0,0.0010857999986910727,
alpha_0.5_123_078a4205,alpha_0.5,train,462,123,easy,5,5,0.5,0.95,0.05,default,100,2.0,9,1,1,0,0,0.0009706999990157783,
alpha_0.5_123_078a4205,alpha_0.5,train,463,123,easy,5,5,0.5,0.95,0.05,default,100,3.0,8,1,1,0,0,0.0009174000006169081,
alpha_0.5_123_078a4205,alpha_0.5,train,464,123,easy,5,5,0.5,0.95,0.05,default,100,2.0,9,1,1,0,0,0.001019400002405746,
alpha_0.5_123_078a4205,alpha_0.5,train,465,123,easy,5,5,0.5,0.95,0.05,default,100,3.0,8,1,1,0,0,0.0009272999996028375,
alpha_0.5_123_078a4205,alpha_0.5,train,466,123,easy,5,5,0.5,0.95,0.05,default,100,3.0,8,1,1,0,0,0.0008679000020492822,
alpha_0.5_123_078a4205,alpha_0.5,train,467,123,easy,5,5,0.5,0.95,0.05,default,100,3.0,8,1,1,0,0,0.0012380999978631735,
alpha_0.5_123_078a4205,alpha_0.5,train,468,123,easy,5,5,0.5,0.95,0.05,default,100,3.0,8,1,1,0,0,0.0011746999989554752,
alpha_0.5_123_078a4205,alpha_0.5,train,469,123,easy,5,5,0.5,0.95,0.05,default,100,3.0,8,1,1,0,0,0.001078500001312932,
alpha_0.5_123_078a4205,alpha_0.5,train,470,123,easy,5,5,0.5,0.95,0.05,default,100,3.0,8,1,1,0,0,0.0010848999991139863,
alpha_0.5_123_078a4205,alpha_0.5,train,471,123,easy,5,5,0.5,0.95,0.05,default,100,3.0,8,1,1,0,0,0.000925299998925766,
alpha_0.5_123_078a4205,alpha_0.5,train,472,123,easy,5,5,0.5,0.95,0.05,default,100,3.0,8,1,1,0,0,0.0008720000005268957,
alpha_0.5_123_078a4205,alpha_0.5,train,473,123,easy,5,5,0.5,0.95,0.05,default,100,1.0,10,1,1,0,0,0.0010118999998667277,
alpha_0.5_123_078a4205,alpha_0.5,train,474,123,easy,5,5,0.5,0.95,0.05,default,100,3.0,8,1,1,0,0,0.0008968000001914334,
alpha_0.5_123_078a4205,alpha_0.5,train,475,123,easy,5,5,0.5,0.95,0.05,default,100,2.0,9,1,1,0,0,0.000957899999775691,
alpha_0.5_123_078a4205,alpha_0.5,train,476,123,easy,5,5,0.5,0.95,0.05,default,100,3.0,8,1,1,0,0,0.0009637000002840068,
alpha_0.5_123_078a4205,alpha_0.5,train,477,123,easy,5,5,0.5,0.95,0.05,default,100,3.0,8,1,1,0,0,0.0009135999971476849,
alpha_0.5_123_078a4205,alpha_0.5,train,478,123,easy,5,5,0.5,0.95,0.05,default,100,3.0,8,1,1,0,0,0.0009234000026481226,
alpha_0.5_123_078a4205,alpha_0.5,train,479,123,easy,5,5,0.5,0.95,0.05,default,100,3.0,8,1,1,0,0,0.0009968999984266702,
alpha_0.5_123_078a4205,alpha_0.5,train,480,123,easy,5,5,0.5,0.95,0.05,default,100,-1.0,12,1,1,0,0,0.0014010999984748196,
alpha_0.5_123_078a4205,alpha_0.5,train,481,123,easy,5,5,0.5,0.95,0.05,default,100,3.0,8,1,1,0,0,0.0009755000028235372,
alpha_0.5_123_078a4205,alpha_0.5,train,482,123,easy,5,5,0.5,0.95,0.05,default,100,3.0,8,1,1,0,0,0.000984399997832952,
alpha_0.5_123_078a4205,alpha_0.5,train,483,123,easy,5,5,0.5,0.95,0.05,default,100,2.0,9,1,1,0,0,0.0009802999993553385,
alpha_0.5_123_078a4205,alpha_0.5,train,484,123,easy,5,5,0.5,0.95,0.05,default,100,3.0,8,1,1,0,0,0.0008728000029805116,
alpha_0.5_123_078a4205,alpha_0.5,train,485,123,easy,5,5,0.5,0.95,0.05,default,100,3.0,8,1,1,0,0,0.000946300002397038,
alpha_0.5_123_078a4205,alpha_0.5,train,486,123,easy,5,5,0.5,0.95,0.05,default,100,3.0,8,1,1,0,0,0.0009295999989262782,
alpha_0.5_123_078a4205,alpha_0.5,train,487,123,easy,5,5,0.5,0.95,0.05,default,100,3.0,8,1,1,0,0,0.0017111000015574973,
alpha_0.5_123_078a4205,alpha_0.5,train,488,123,easy,5,5,0.5,0.95,0.05,default,100,3.0,8,1,1,0,0,0.0009570000001986045,
alpha_0.5_123_078a4205,alpha_0.5,train,489,123,easy,5,5,0.5,0.95,0.05,default,100,3.0,8,1,1,0,0,0.0009960000024875626,
alpha_0.5_123_078a4205,alpha_0.5,train,490,123,easy,5,5,0.5,0.95,0.05,default,100,3.0,8,1,1,0,0,0.0009323000012955163,
alpha_0.5_123_078a4205,alpha_0.5,train,491,123,easy,5,5,0.5,0.95,0.05,default,100,3.0,8,1,1,0,0,0.0008940000006987248,
alpha_0.5_123_078a4205,alpha_0.5,train,492,123,easy,5,5,0.5,0.95,0.05,default,100,2.0,9,1,1,0,0,0.0010421000006317627,
alpha_0.5_123_078a4205,alpha_0.5,train,493,123,easy,5,5,0.5,0.95,0.05,default,100,2.0,9,1,1,0,0,0.0009552999981679022,
alpha_0.5_123_078a4205,alpha_0.5,train,494,123,easy,5,5,0.5,0.95,0.05,default,100,3.0,8,1,1,0,0,0.0009037000017997343,
alpha_0.5_123_078a4205,alpha_0.5,train,495,123,easy,5,5,0.5,0.95,0.05,default,100,3.0,8,1,1,0,0,0.0008865000017976854,
alpha_0.5_123_078a4205,alpha_0.5,train,496,123,easy,5,5,0.5,0.95,0.05,default,100,3.0,8,1,1,0,0,0.0013760000001639128,
alpha_0.5_123_078a4205,alpha_0.5,train,497,123,easy,5,5,0.5,0.95,0.05,default,100,3.0,8,1,1,0,0,0.0009417000001121778,
alpha_0.5_123_078a4205,alpha_0.5,train,498,123,easy,5,5,0.5,0.95,0.05,default,100,3.0,8,1,1,0,0,0.0009196999999403488,
alpha_0.5_123_078a4205,alpha_0.5,train,499,123,easy,5,5,0.5,0.95,0.05,default,100,-1.0,12,1,1,0,0,0.0012925999981234781,
alpha_0.5_123_078a4205,alpha_0.5,train,500,123,easy,5,5,0.5,0.95,0.05,default,100,2.0,9,1,1,0,0,0.0009814000004553236,
alpha_0.5_123_078a4205,alpha_0.5,eval,1,123,easy,5,5,0.5,0.95,0.0,default,100,-100.0,100,0,0,1,0,,
alpha_0.5_123_078a4205,alpha_0.5,eval,2,123,easy,5,5,0.5,0.95,0.0,default,100,-100.0,100,0,0,1,0,,
alpha_0.5_123_078a4205,alpha_0.5,eval,3,123,easy,5,5,0.5,0.95,0.0,default,100,-100.0,100,0,0,1,0,,
alpha_0.5_123_078a4205,alpha_0.5,eval,4,123,easy,5,5,0.5,0.95,0.0,default,100,-100.0,100,0,0,1,0,,
alpha_0.5_123_078a4205,alpha_0.5,eval,5,123,easy,5,5,0.5,0.95,0.0,default,100,-100.0,100,0,0,1,0,,
alpha_0.5_123_078a4205,alpha_0.5,eval,6,123,easy,5,5,0.5,0.95,0.0,default,100,-100.0,100,0,0,1,0,,
alpha_0.5_123_078a4205,alpha_0.5,eval,7,123,easy,5,5,0.5,0.95,0.0,default,100,-100.0,100,0,0,1,0,,
alpha_0.5_123_078a4205,alpha_0.5,eval,8,123,easy,5,5,0.5,0.95,0.0,default,100,-100.0,100,0,0,1,0,,
alpha_0.5_123_078a4205,alpha_0.5,eval,9,123,easy,5,5,0.5,0.95,0.0,default,100,-100.0,100,0,0,1,0,,
alpha_0.5_123_078a4205,alpha_0.5,eval,10,123,easy,5,5,0.5,0.95,0.0,default,100,-100.0,100,0,0,1,0,,
alpha_0.5_123_078a4205,alpha_0.5,eval,1,123,easy,5,5,0.5,0.95,0.0,default,100,3.0,8,1,1,0,0,,
alpha_0.5_123_078a4205,alpha_0.5,eval,2,123,easy,5,5,0.5,0.95,0.0,default,100,3.0,8,1,1,0,0,,
alpha_0.5_123_078a4205,alpha_0.5,eval,3,123,easy,5,5,0.5,0.95,0.0,default,100,3.0,8,1,1,0,0,,
alpha_0.5_123_078a4205,alpha_0.5,eval,4,123,easy,5,5,0.5,0.95,0.0,default,100,3.0,8,1,1,0,0,,
alpha_0.5_123_078a4205,alpha_0.5,eval,5,123,easy,5,5,0.5,0.95,0.0,default,100,3.0,8,1,1,0,0,,
alpha_0.5_123_078a4205,alpha_0.5,eval,6,123,easy,5,5,0.5,0.95,0.0,default,100,3.0,8,1,1,0,0,,
alpha_0.5_123_078a4205,alpha_0.5,eval,7,123,easy,5,5,0.5,0.95,0.0,default,100,3.0,8,1,1,0,0,,
alpha_0.5_123_078a4205,alpha_0.5,eval,8,123,easy,5,5,0.5,0.95,0.0,default,100,3.0,8,1,1,0,0,,
alpha_0.5_123_078a4205,alpha_0.5,eval,9,123,easy,5,5,0.5,0.95,0.0,default,100,3.0,8,1,1,0,0,,
alpha_0.5_123_078a4205,alpha_0.5,eval,10,123,easy,5,5,0.5,0.95,0.0,default,100,3.0,8,1,1,0,0,,
alpha_0.5_123_078a4205,alpha_0.5,eval,1,123,easy,5,5,0.5,0.95,0.0,default,100,3.0,8,1,1,0,0,,
alpha_0.5_123_078a4205,alpha_0.5,eval,2,123,easy,5,5,0.5,0.95,0.0,default,100,3.0,8,1,1,0,0,,
alpha_0.5_123_078a4205,alpha_0.5,eval,3,123,easy,5,5,0.5,0.95,0.0,default,100,3.0,8,1,1,0,0,,
alpha_0.5_123_078a4205,alpha_0.5,eval,4,123,easy,5,5,0.5,0.95,0.0,default,100,3.0,8,1,1,0,0,,
alpha_0.5_123_078a4205,alpha_0.5,eval,5,123,easy,5,5,0.5,0.95,0.0,default,100,3.0,8,1,1,0,0,,
alpha_0.5_123_078a4205,alpha_0.5,eval,6,123,easy,5,5,0.5,0.95,0.0,default,100,3.0,8,1,1,0,0,,
alpha_0.5_123_078a4205,alpha_0.5,eval,7,123,easy,5,5,0.5,0.95,0.0,default,100,3.0,8,1,1,0,0,,
alpha_0.5_123_078a4205,alpha_0.5,eval,8,123,easy,5,5,0.5,0.95,0.0,default,100,3.0,8,1,1,0,0,,
alpha_0.5_123_078a4205,alpha_0.5,eval,9,123,easy,5,5,0.5,0.95,0.0,default,100,3.0,8,1,1,0,0,,
alpha_0.5_123_078a4205,alpha_0.5,eval,10,123,easy,5,5,0.5,0.95,0.0,default,100,3.0,8,1,1,0,0,,
alpha_0.5_123_078a4205,alpha_0.5,eval,1,123,easy,5,5,0.5,0.95,0.0,default,100,3.0,8,1,1,0,0,,
alpha_0.5_123_078a4205,alpha_0.5,eval,2,123,easy,5,5,0.5,0.95,0.0,default,100,3.0,8,1,1,0,0,,
alpha_0.5_123_078a4205,alpha_0.5,eval,3,123,easy,5,5,0.5,0.95,0.0,default,100,3.0,8,1,1,0,0,,
alpha_0.5_123_078a4205,alpha_0.5,eval,4,123,easy,5,5,0.5,0.95,0.0,default,100,3.0,8,1,1,0,0,,
alpha_0.5_123_078a4205,alpha_0.5,eval,5,123,easy,5,5,0.5,0.95,0.0,default,100,3.0,8,1,1,0,0,,
alpha_0.5_123_078a4205,alpha_0.5,eval,6,123,easy,5,5,0.5,0.95,0.0,default,100,3.0,8,1,1,0,0,,
alpha_0.5_123_078a4205,alpha_0.5,eval,7,123,easy,5,5,0.5,0.95,0.0,default,100,3.0,8,1,1,0,0,,
alpha_0.5_123_078a4205,alpha_0.5,eval,8,123,easy,5,5,0.5,0.95,0.0,default,100,3.0,8,1,1,0,0,,
alpha_0.5_123_078a4205,alpha_0.5,eval,9,123,easy,5,5,0.5,0.95,0.0,default,100,3.0,8,1,1,0,0,,
alpha_0.5_123_078a4205,alpha_0.5,eval,10,123,easy,5,5,0.5,0.95,0.0,default,100,3.0,8,1,1,0,0,,
alpha_0.5_123_078a4205,alpha_0.5,eval,1,123,easy,5,5,0.5,0.95,0.0,default,100,3.0,8,1,1,0,0,,
alpha_0.5_123_078a4205,alpha_0.5,eval,2,123,easy,5,5,0.5,0.95,0.0,default,100,3.0,8,1,1,0,0,,
alpha_0.5_123_078a4205,alpha_0.5,eval,3,123,easy,5,5,0.5,0.95,0.0,default,100,3.0,8,1,1,0,0,,
alpha_0.5_123_078a4205,alpha_0.5,eval,4,123,easy,5,5,0.5,0.95,0.0,default,100,3.0,8,1,1,0,0,,
alpha_0.5_123_078a4205,alpha_0.5,eval,5,123,easy,5,5,0.5,0.95,0.0,default,100,3.0,8,1,1,0,0,,
alpha_0.5_123_078a4205,alpha_0.5,eval,6,123,easy,5,5,0.5,0.95,0.0,default,100,3.0,8,1,1,0,0,,
alpha_0.5_123_078a4205,alpha_0.5,eval,7,123,easy,5,5,0.5,0.95,0.0,default,100,3.0,8,1,1,0,0,,
alpha_0.5_123_078a4205,alpha_0.5,eval,8,123,easy,5,5,0.5,0.95,0.0,default,100,3.0,8,1,1,0,0,,
alpha_0.5_123_078a4205,alpha_0.5,eval,9,123,easy,5,5,0.5,0.95,0.0,default,100,3.0,8,1,1,0,0,,
alpha_0.5_123_078a4205,alpha_0.5,eval,10,123,easy,5,5,0.5,0.95,0.0,default,100,3.0,8,1,1,0,0,,
alpha_0.5_123_078a4205,alpha_0.5,eval,1,123,easy,5,5,0.5,0.95,0.0,default,100,3.0,8,1,1,0,0,,
alpha_0.5_123_078a4205,alpha_0.5,eval,2,123,easy,5,5,0.5,0.95,0.0,default,100,3.0,8,1,1,0,0,,
alpha_0.5_123_078a4205,alpha_0.5,eval,3,123,easy,5,5,0.5,0.95,0.0,default,100,3.0,8,1,1,0,0,,
alpha_0.5_123_078a4205,alpha_0.5,eval,4,123,easy,5,5,0.5,0.95,0.0,default,100,3.0,8,1,1,0,0,,
alpha_0.5_123_078a4205,alpha_0.5,eval,5,123,easy,5,5,0.5,0.95,0.0,default,100,3.0,8,1,1,0,0,,
alpha_0.5_123_078a4205,alpha_0.5,eval,6,123,easy,5,5,0.5,0.95,0.0,default,100,3.0,8,1,1,0,0,,
alpha_0.5_123_078a4205,alpha_0.5,eval,7,123,easy,5,5,0.5,0.95,0.0,default,100,3.0,8,1,1,0,0,,
alpha_0.5_123_078a4205,alpha_0.5,eval,8,123,easy,5,5,0.5,0.95,0.0,default,100,3.0,8,1,1,0,0,,
alpha_0.5_123_078a4205,alpha_0.5,eval,9,123,easy,5,5,0.5,0.95,0.0,default,100,3.0,8,1,1,0,0,,
alpha_0.5_123_078a4205,alpha_0.5,eval,10,123,easy,5,5,0.5,0.95,0.0,default,100,3.0,8,1,1,0,0,,
alpha_0.5_123_078a4205,alpha_0.5,eval,1,123,easy,5,5,0.5,0.95,0.0,default,100,3.0,8,1,1,0,0,,
alpha_0.5_123_078a4205,alpha_0.5,eval,2,123,easy,5,5,0.5,0.95,0.0,default,100,3.0,8,1,1,0,0,,
alpha_0.5_123_078a4205,alpha_0.5,eval,3,123,easy,5,5,0.5,0.95,0.0,default,100,3.0,8,1,1,0,0,,
alpha_0.5_123_078a4205,alpha_0.5,eval,4,123,easy,5,5,0.5,0.95,0.0,default,100,3.0,8,1,1,0,0,,
alpha_0.5_123_078a4205,alpha_0.5,eval,5,123,easy,5,5,0.5,0.95,0.0,default,100,3.0,8,1,1,0,0,,
alpha_0.5_123_078a4205,alpha_0.5,eval,6,123,easy,5,5,0.5,0.95,0.0,default,100,3.0,8,1,1,0,0,,
alpha_0.5_123_078a4205,alpha_0.5,eval,7,123,easy,5,5,0.5,0.95,0.0,default,100,3.0,8,1,1,0,0,,
alpha_0.5_123_078a4205,alpha_0.5,eval,8,123,easy,5,5,0.5,0.95,0.0,default,100,3.0,8,1,1,0,0,,
alpha_0.5_123_078a4205,alpha_0.5,eval,9,123,easy,5,5,0.5,0.95,0.0,default,100,3.0,8,1,1,0,0,,
alpha_0.5_123_078a4205,alpha_0.5,eval,10,123,easy,5,5,0.5,0.95,0.0,default,100,3.0,8,1,1,0,0,,
alpha_0.5_123_078a4205,alpha_0.5,eval,1,123,easy,5,5,0.5,0.95,0.0,default,100,3.0,8,1,1,0,0,,
alpha_0.5_123_078a4205,alpha_0.5,eval,2,123,easy,5,5,0.5,0.95,0.0,default,100,3.0,8,1,1,0,0,,
alpha_0.5_123_078a4205,alpha_0.5,eval,3,123,easy,5,5,0.5,0.95,0.0,default,100,3.0,8,1,1,0,0,,
alpha_0.5_123_078a4205,alpha_0.5,eval,4,123,easy,5,5,0.5,0.95,0.0,default,100,3.0,8,1,1,0,0,,
alpha_0.5_123_078a4205,alpha_0.5,eval,5,123,easy,5,5,0.5,0.95,0.0,default,100,3.0,8,1,1,0,0,,
alpha_0.5_123_078a4205,alpha_0.5,eval,6,123,easy,5,5,0.5,0.95,0.0,default,100,3.0,8,1,1,0,0,,
alpha_0.5_123_078a4205,alpha_0.5,eval,7,123,easy,5,5,0.5,0.95,0.0,default,100,3.0,8,1,1,0,0,,
alpha_0.5_123_078a4205,alpha_0.5,eval,8,123,easy,5,5,0.5,0.95,0.0,default,100,3.0,8,1,1,0,0,,
alpha_0.5_123_078a4205,alpha_0.5,eval,9,123,easy,5,5,0.5,0.95,0.0,default,100,3.0,8,1,1,0,0,,
alpha_0.5_123_078a4205,alpha_0.5,eval,10,123,easy,5,5,0.5,0.95,0.0,default,100,3.0,8,1,1,0,0,,
alpha_0.5_123_078a4205,alpha_0.5,eval,1,123,easy,5,5,0.5,0.95,0.0,default,100,3.0,8,1,1,0,0,,
alpha_0.5_123_078a4205,alpha_0.5,eval,2,123,easy,5,5,0.5,0.95,0.0,default,100,3.0,8,1,1,0,0,,
alpha_0.5_123_078a4205,alpha_0.5,eval,3,123,easy,5,5,0.5,0.95,0.0,default,100,3.0,8,1,1,0,0,,
alpha_0.5_123_078a4205,alpha_0.5,eval,4,123,easy,5,5,0.5,0.95,0.0,default,100,3.0,8,1,1,0,0,,
alpha_0.5_123_078a4205,alpha_0.5,eval,5,123,easy,5,5,0.5,0.95,0.0,default,100,3.0,8,1,1,0,0,,
alpha_0.5_123_078a4205,alpha_0.5,eval,6,123,easy,5,5,0.5,0.95,0.0,default,100,3.0,8,1,1,0,0,,
alpha_0.5_123_078a4205,alpha_0.5,eval,7,123,easy,5,5,0.5,0.95,0.0,default,100,3.0,8,1,1,0,0,,
alpha_0.5_123_078a4205,alpha_0.5,eval,8,123,easy,5,5,0.5,0.95,0.0,default,100,3.0,8,1,1,0,0,,
alpha_0.5_123_078a4205,alpha_0.5,eval,9,123,easy,5,5,0.5,0.95,0.0,default,100,3.0,8,1,1,0,0,,
alpha_0.5_123_078a4205,alpha_0.5,eval,10,123,easy,5,5,0.5,0.95,0.0,default,100,3.0,8,1,1,0,0,,
alpha_0.5_123_078a4205,alpha_0.5,eval,1,123,easy,5,5,0.5,0.95,0.0,default,100,3.0,8,1,1,0,0,,
alpha_0.5_123_078a4205,alpha_0.5,eval,2,123,easy,5,5,0.5,0.95,0.0,default,100,3.0,8,1,1,0,0,,
alpha_0.5_123_078a4205,alpha_0.5,eval,3,123,easy,5,5,0.5,0.95,0.0,default,100,3.0,8,1,1,0,0,,
alpha_0.5_123_078a4205,alpha_0.5,eval,4,123,easy,5,5,0.5,0.95,0.0,default,100,3.0,8,1,1,0,0,,
alpha_0.5_123_078a4205,alpha_0.5,eval,5,123,easy,5,5,0.5,0.95,0.0,default,100,3.0,8,1,1,0,0,,
alpha_0.5_123_078a4205,alpha_0.5,eval,6,123,easy,5,5,0.5,0.95,0.0,default,100,3.0,8,1,1,0,0,,
alpha_0.5_123_078a4205,alpha_0.5,eval,7,123,easy,5,5,0.5,0.95,0.0,default,100,3.0,8,1,1,0,0,,
alpha_0.5_123_078a4205,alpha_0.5,eval,8,123,easy,5,5,0.5,0.95,0.0,default,100,3.0,8,1,1,0,0,,
alpha_0.5_123_078a4205,alpha_0.5,eval,9,123,easy,5,5,0.5,0.95,0.0,default,100,3.0,8,1,1,0,0,,
alpha_0.5_123_078a4205,alpha_0.5,eval,10,123,easy,5,5,0.5,0.95,0.0,default,100,3.0,8,1,1,0,0,,
alpha_0.5_123_078a4205,alpha_0.5,eval,1,123,easy,5,5,0.5,0.95,0.0,default,100,3.0,8,1,1,0,0,,
alpha_0.5_123_078a4205,alpha_0.5,eval,2,123,easy,5,5,0.5,0.95,0.0,default,100,3.0,8,1,1,0,0,,
alpha_0.5_123_078a4205,alpha_0.5,eval,3,123,easy,5,5,0.5,0.95,0.0,default,100,3.0,8,1,1,0,0,,
alpha_0.5_123_078a4205,alpha_0.5,eval,4,123,easy,5,5,0.5,0.95,0.0,default,100,3.0,8,1,1,0,0,,
alpha_0.5_123_078a4205,alpha_0.5,eval,5,123,easy,5,5,0.5,0.95,0.0,default,100,3.0,8,1,1,0,0,,
alpha_0.5_123_078a4205,alpha_0.5,eval,6,123,easy,5,5,0.5,0.95,0.0,default,100,3.0,8,1,1,0,0,,
alpha_0.5_123_078a4205,alpha_0.5,eval,7,123,easy,5,5,0.5,0.95,0.0,default,100,3.0,8,1,1,0,0,,
alpha_0.5_123_078a4205,alpha_0.5,eval,8,123,easy,5,5,0.5,0.95,0.0,default,100,3.0,8,1,1,0,0,,
alpha_0.5_123_078a4205,alpha_0.5,eval,9,123,easy,5,5,0.5,0.95,0.0,default,100,3.0,8,1,1,0,0,,
alpha_0.5_123_078a4205,alpha_0.5,eval,10,123,easy,5,5,0.5,0.95,0.0,default,100,3.0,8,1,1,0,0,,
alpha_0.5_123_078a4205,alpha_0.5,eval,1,123,easy,5,5,0.5,0.95,0.0,default,100,3.0,8,1,1,0,0,,
alpha_0.5_123_078a4205,alpha_0.5,eval,2,123,easy,5,5,0.5,0.95,0.0,default,100,3.0,8,1,1,0,0,,
alpha_0.5_123_078a4205,alpha_0.5,eval,3,123,easy,5,5,0.5,0.95,0.0,default,100,3.0,8,1,1,0,0,,
alpha_0.5_123_078a4205,alpha_0.5,eval,4,123,easy,5,5,0.5,0.95,0.0,default,100,3.0,8,1,1,0,0,,
alpha_0.5_123_078a4205,alpha_0.5,eval,5,123,easy,5,5,0.5,0.95,0.0,default,100,3.0,8,1,1,0,0,,
alpha_0.5_123_078a4205,alpha_0.5,eval,6,123,easy,5,5,0.5,0.95,0.0,default,100,3.0,8,1,1,0,0,,
alpha_0.5_123_078a4205,alpha_0.5,eval,7,123,easy,5,5,0.5,0.95,0.0,default,100,3.0,8,1,1,0,0,,
alpha_0.5_123_078a4205,alpha_0.5,eval,8,123,easy,5,5,0.5,0.95,0.0,default,100,3.0,8,1,1,0,0,,
alpha_0.5_123_078a4205,alpha_0.5,eval,9,123,easy,5,5,0.5,0.95,0.0,default,100,3.0,8,1,1,0,0,,
alpha_0.5_123_078a4205,alpha_0.5,eval,10,123,easy,5,5,0.5,0.95,0.0,default,100,3.0,8,1,1,0,0,,
alpha_0.5_123_078a4205,alpha_0.5,eval,1,123,easy,5,5,0.5,0.95,0.0,default,100,3.0,8,1,1,0,0,,
alpha_0.5_123_078a4205,alpha_0.5,eval,2,123,easy,5,5,0.5,0.95,0.0,default,100,3.0,8,1,1,0,0,,
alpha_0.5_123_078a4205,alpha_0.5,eval,3,123,easy,5,5,0.5,0.95,0.0,default,100,3.0,8,1,1,0,0,,
alpha_0.5_123_078a4205,alpha_0.5,eval,4,123,easy,5,5,0.5,0.95,0.0,default,100,3.0,8,1,1,0,0,,
alpha_0.5_123_078a4205,alpha_0.5,eval,5,123,easy,5,5,0.5,0.95,0.0,default,100,3.0,8,1,1,0,0,,
alpha_0.5_123_078a4205,alpha_0.5,eval,6,123,easy,5,5,0.5,0.95,0.0,default,100,3.0,8,1,1,0,0,,
alpha_0.5_123_078a4205,alpha_0.5,eval,7,123,easy,5,5,0.5,0.95,0.0,default,100,3.0,8,1,1,0,0,,
alpha_0.5_123_078a4205,alpha_0.5,eval,8,123,easy,5,5,0.5,0.95,0.0,default,100,3.0,8,1,1,0,0,,
alpha_0.5_123_078a4205,alpha_0.5,eval,9,123,easy,5,5,0.5,0.95,0.0,default,100,3.0,8,1,1,0,0,,
alpha_0.5_123_078a4205,alpha_0.5,eval,10,123,easy,5,5,0.5,0.95,0.0,default,100,3.0,8,1,1,0,0,,
alpha_0.5_123_078a4205,alpha_0.5,eval,1,123,easy,5,5,0.5,0.95,0.0,default,100,3.0,8,1,1,0,0,,
alpha_0.5_123_078a4205,alpha_0.5,eval,2,123,easy,5,5,0.5,0.95,0.0,default,100,3.0,8,1,1,0,0,,
alpha_0.5_123_078a4205,alpha_0.5,eval,3,123,easy,5,5,0.5,0.95,0.0,default,100,3.0,8,1,1,0,0,,
alpha_0.5_123_078a4205,alpha_0.5,eval,4,123,easy,5,5,0.5,0.95,0.0,default,100,3.0,8,1,1,0,0,,
alpha_0.5_123_078a4205,alpha_0.5,eval,5,123,easy,5,5,0.5,0.95,0.0,default,100,3.0,8,1,1,0,0,,
alpha_0.5_123_078a4205,alpha_0.5,eval,6,123,easy,5,5,0.5,0.95,0.0,default,100,3.0,8,1,1,0,0,,
alpha_0.5_123_078a4205,alpha_0.5,eval,7,123,easy,5,5,0.5,0.95,0.0,default,100,3.0,8,1,1,0,0,,
alpha_0.5_123_078a4205,alpha_0.5,eval,8,123,easy,5,5,0.5,0.95,0.0,default,100,3.0,8,1,1,0,0,,
alpha_0.5_123_078a4205,alpha_0.5,eval,9,123,easy,5,5,0.5,0.95,0.0,default,100,3.0,8,1,1,0,0,,
alpha_0.5_123_078a4205,alpha_0.5,eval,10,123,easy,5,5,0.5,0.95,0.0,default,100,3.0,8,1,1,0,0,,
alpha_0.5_123_078a4205,alpha_0.5,eval,1,123,easy,5,5,0.5,0.95,0.0,default,100,3.0,8,1,1,0,0,,
alpha_0.5_123_078a4205,alpha_0.5,eval,2,123,easy,5,5,0.5,0.95,0.0,default,100,3.0,8,1,1,0,0,,
alpha_0.5_123_078a4205,alpha_0.5,eval,3,123,easy,5,5,0.5,0.95,0.0,default,100,3.0,8,1,1,0,0,,
alpha_0.5_123_078a4205,alpha_0.5,eval,4,123,easy,5,5,0.5,0.95,0.0,default,100,3.0,8,1,1,0,0,,
alpha_0.5_123_078a4205,alpha_0.5,eval,5,123,easy,5,5,0.5,0.95,0.0,default,100,3.0,8,1,1,0,0,,
alpha_0.5_123_078a4205,alpha_0.5,eval,6,123,easy,5,5,0.5,0.95,0.0,default,100,3.0,8,1,1,0,0,,
alpha_0.5_123_078a4205,alpha_0.5,eval,7,123,easy,5,5,0.5,0.95,0.0,default,100,3.0,8,1,1,0,0,,
alpha_0.5_123_078a4205,alpha_0.5,eval,8,123,easy,5,5,0.5,0.95,0.0,default,100,3.0,8,1,1,0,0,,
alpha_0.5_123_078a4205,alpha_0.5,eval,9,123,easy,5,5,0.5,0.95,0.0,default,100,3.0,8,1,1,0,0,,
alpha_0.5_123_078a4205,alpha_0.5,eval,10,123,easy,5,5,0.5,0.95,0.0,default,100,3.0,8,1,1,0,0,,
alpha_0.5_123_078a4205,alpha_0.5,eval,1,123,easy,5,5,0.5,0.95,0.0,default,100,3.0,8,1,1,0,0,,
alpha_0.5_123_078a4205,alpha_0.5,eval,2,123,easy,5,5,0.5,0.95,0.0,default,100,3.0,8,1,1,0,0,,
alpha_0.5_123_078a4205,alpha_0.5,eval,3,123,easy,5,5,0.5,0.95,0.0,default,100,3.0,8,1,1,0,0,,
alpha_0.5_123_078a4205,alpha_0.5,eval,4,123,easy,5,5,0.5,0.95,0.0,default,100,3.0,8,1,1,0,0,,
alpha_0.5_123_078a4205,alpha_0.5,eval,5,123,easy,5,5,0.5,0.95,0.0,default,100,3.0,8,1,1,0,0,,
alpha_0.5_123_078a4205,alpha_0.5,eval,6,123,easy,5,5,0.5,0.95,0.0,default,100,3.0,8,1,1,0,0,,
alpha_0.5_123_078a4205,alpha_0.5,eval,7,123,easy,5,5,0.5,0.95,0.0,default,100,3.0,8,1,1,0,0,,
alpha_0.5_123_078a4205,alpha_0.5,eval,8,123,easy,5,5,0.5,0.95,0.0,default,100,3.0,8,1,1,0,0,,
alpha_0.5_123_078a4205,alpha_0.5,eval,9,123,easy,5,5,0.5,0.95,0.0,default,100,3.0,8,1,1,0,0,,
alpha_0.5_123_078a4205,alpha_0.5,eval,10,123,easy,5,5,0.5,0.95,0.0,default,100,3.0,8,1,1,0,0,,
alpha_0.5_123_078a4205,alpha_0.5,eval,1,123,easy,5,5,0.5,0.95,0.0,default,100,3.0,8,1,1,0,0,,
alpha_0.5_123_078a4205,alpha_0.5,eval,2,123,easy,5,5,0.5,0.95,0.0,default,100,3.0,8,1,1,0,0,,
alpha_0.5_123_078a4205,alpha_0.5,eval,3,123,easy,5,5,0.5,0.95,0.0,default,100,3.0,8,1,1,0,0,,
alpha_0.5_123_078a4205,alpha_0.5,eval,4,123,easy,5,5,0.5,0.95,0.0,default,100,3.0,8,1,1,0,0,,
alpha_0.5_123_078a4205,alpha_0.5,eval,5,123,easy,5,5,0.5,0.95,0.0,default,100,3.0,8,1,1,0,0,,
alpha_0.5_123_078a4205,alpha_0.5,eval,6,123,easy,5,5,0.5,0.95,0.0,default,100,3.0,8,1,1,0,0,,
alpha_0.5_123_078a4205,alpha_0.5,eval,7,123,easy,5,5,0.5,0.95,0.0,default,100,3.0,8,1,1,0,0,,
alpha_0.5_123_078a4205,alpha_0.5,eval,8,123,easy,5,5,0.5,0.95,0.0,default,100,3.0,8,1,1,0,0,,
alpha_0.5_123_078a4205,alpha_0.5,eval,9,123,easy,5,5,0.5,0.95,0.0,default,100,3.0,8,1,1,0,0,,
alpha_0.5_123_078a4205,alpha_0.5,eval,10,123,easy,5,5,0.5,0.95,0.0,default,100,3.0,8,1,1,0,0,,
alpha_0.5_123_078a4205,alpha_0.5,eval,1,123,easy,5,5,0.5,0.95,0.0,default,100,3.0,8,1,1,0,0,,
alpha_0.5_123_078a4205,alpha_0.5,eval,2,123,easy,5,5,0.5,0.95,0.0,default,100,3.0,8,1,1,0,0,,
alpha_0.5_123_078a4205,alpha_0.5,eval,3,123,easy,5,5,0.5,0.95,0.0,default,100,3.0,8,1,1,0,0,,
alpha_0.5_123_078a4205,alpha_0.5,eval,4,123,easy,5,5,0.5,0.95,0.0,default,100,3.0,8,1,1,0,0,,
alpha_0.5_123_078a4205,alpha_0.5,eval,5,123,easy,5,5,0.5,0.95,0.0,default,100,3.0,8,1,1,0,0,,
alpha_0.5_123_078a4205,alpha_0.5,eval,6,123,easy,5,5,0.5,0.95,0.0,default,100,3.0,8,1,1,0,0,,
alpha_0.5_123_078a4205,alpha_0.5,eval,7,123,easy,5,5,0.5,0.95,0.0,default,100,3.0,8,1,1,0,0,,
alpha_0.5_123_078a4205,alpha_0.5,eval,8,123,easy,5,5,0.5,0.95,0.0,default,100,3.0,8,1,1,0,0,,
alpha_0.5_123_078a4205,alpha_0.5,eval,9,123,easy,5,5,0.5,0.95,0.0,default,100,3.0,8,1,1,0,0,,
alpha_0.5_123_078a4205,alpha_0.5,eval,10,123,easy,5,5,0.5,0.95,0.0,default,100,3.0,8,1,1,0,0,,
alpha_0.5_123_078a4205,alpha_0.5,eval,1,123,easy,5,5,0.5,0.95,0.0,default,100,3.0,8,1,1,0,0,,
alpha_0.5_123_078a4205,alpha_0.5,eval,2,123,easy,5,5,0.5,0.95,0.0,default,100,3.0,8,1,1,0,0,,
alpha_0.5_123_078a4205,alpha_0.5,eval,3,123,easy,5,5,0.5,0.95,0.0,default,100,3.0,8,1,1,0,0,,
alpha_0.5_123_078a4205,alpha_0.5,eval,4,123,easy,5,5,0.5,0.95,0.0,default,100,3.0,8,1,1,0,0,,
alpha_0.5_123_078a4205,alpha_0.5,eval,5,123,easy,5,5,0.5,0.95,0.0,default,100,3.0,8,1,1,0,0,,
alpha_0.5_123_078a4205,alpha_0.5,eval,6,123,easy,5,5,0.5,0.95,0.0,default,100,3.0,8,1,1,0,0,,
alpha_0.5_123_078a4205,alpha_0.5,eval,7,123,easy,5,5,0.5,0.95,0.0,default,100,3.0,8,1,1,0,0,,
alpha_0.5_123_078a4205,alpha_0.5,eval,8,123,easy,5,5,0.5,0.95,0.0,default,100,3.0,8,1,1,0,0,,
alpha_0.5_123_078a4205,alpha_0.5,eval,9,123,easy,5,5,0.5,0.95,0.0,default,100,3.0,8,1,1,0,0,,
alpha_0.5_123_078a4205,alpha_0.5,eval,10,123,easy,5,5,0.5,0.95,0.0,default,100,3.0,8,1,1,0,0,,
alpha_0.5_123_078a4205,alpha_0.5,eval,1,123,easy,5,5,0.5,0.95,0.0,default,100,3.0,8,1,1,0,0,,
alpha_0.5_123_078a4205,alpha_0.5,eval,2,123,easy,5,5,0.5,0.95,0.0,default,100,3.0,8,1,1,0,0,,
alpha_0.5_123_078a4205,alpha_0.5,eval,3,123,easy,5,5,0.5,0.95,0.0,default,100,3.0,8,1,1,0,0,,
alpha_0.5_123_078a4205,alpha_0.5,eval,4,123,easy,5,5,0.5,0.95,0.0,default,100,3.0,8,1,1,0,0,,
alpha_0.5_123_078a4205,alpha_0.5,eval,5,123,easy,5,5,0.5,0.95,0.0,default,100,3.0,8,1,1,0,0,,
alpha_0.5_123_078a4205,alpha_0.5,eval,6,123,easy,5,5,0.5,0.95,0.0,default,100,3.0,8,1,1,0,0,,
alpha_0.5_123_078a4205,alpha_0.5,eval,7,123,easy,5,5,0.5,0.95,0.0,default,100,3.0,8,1,1,0,0,,
alpha_0.5_123_078a4205,alpha_0.5,eval,8,123,easy,5,5,0.5,0.95,0.0,default,100,3.0,8,1,1,0,0,,
alpha_0.5_123_078a4205,alpha_0.5,eval,9,123,easy,5,5,0.5,0.95,0.0,default,100,3.0,8,1,1,0,0,,
alpha_0.5_123_078a4205,alpha_0.5,eval,10,123,easy,5,5,0.5,0.95,0.0,default,100,3.0,8,1,1,0,0,,
alpha_0.5_123_078a4205,alpha_0.5,eval,1,123,easy,5,5,0.5,0.95,0.0,default,100,3.0,8,1,1,0,0,,
alpha_0.5_123_078a4205,alpha_0.5,eval,2,123,easy,5,5,0.5,0.95,0.0,default,100,3.0,8,1,1,0,0,,
alpha_0.5_123_078a4205,alpha_0.5,eval,3,123,easy,5,5,0.5,0.95,0.0,default,100,3.0,8,1,1,0,0,,
alpha_0.5_123_078a4205,alpha_0.5,eval,4,123,easy,5,5,0.5,0.95,0.0,default,100,3.0,8,1,1,0,0,,
alpha_0.5_123_078a4205,alpha_0.5,eval,5,123,easy,5,5,0.5,0.95,0.0,default,100,3.0,8,1,1,0,0,,
alpha_0.5_123_078a4205,alpha_0.5,eval,6,123,easy,5,5,0.5,0.95,0.0,default,100,3.0,8,1,1,0,0,,
alpha_0.5_123_078a4205,alpha_0.5,eval,7,123,easy,5,5,0.5,0.95,0.0,default,100,3.0,8,1,1,0,0,,
alpha_0.5_123_078a4205,alpha_0.5,eval,8,123,easy,5,5,0.5,0.95,0.0,default,100,3.0,8,1,1,0,0,,
alpha_0.5_123_078a4205,alpha_0.5,eval,9,123,easy,5,5,0.5,0.95,0.0,default,100,3.0,8,1,1,0,0,,
alpha_0.5_123_078a4205,alpha_0.5,eval,10,123,easy,5,5,0.5,0.95,0.0,default,100,3.0,8,1,1,0,0,,
alpha_0.5_123_078a4205,alpha_0.5,eval,1,123,easy,5,5,0.5,0.95,0.0,default,100,3.0,8,1,1,0,0,,
alpha_0.5_123_078a4205,alpha_0.5,eval,2,123,easy,5,5,0.5,0.95,0.0,default,100,3.0,8,1,1,0,0,,
alpha_0.5_123_078a4205,alpha_0.5,eval,3,123,easy,5,5,0.5,0.95,0.0,default,100,3.0,8,1,1,0,0,,
alpha_0.5_123_078a4205,alpha_0.5,eval,4,123,easy,5,5,0.5,0.95,0.0,default,100,3.0,8,1,1,0,0,,
alpha_0.5_123_078a4205,alpha_0.5,eval,5,123,easy,5,5,0.5,0.95,0.0,default,100,3.0,8,1,1,0,0,,
alpha_0.5_123_078a4205,alpha_0.5,eval,6,123,easy,5,5,0.5,0.95,0.0,default,100,3.0,8,1,1,0,0,,
alpha_0.5_123_078a4205,alpha_0.5,eval,7,123,easy,5,5,0.5,0.95,0.0,default,100,3.0,8,1,1,0,0,,
alpha_0.5_123_078a4205,alpha_0.5,eval,8,123,easy,5,5,0.5,0.95,0.0,default,100,3.0,8,1,1,0,0,,
alpha_0.5_123_078a4205,alpha_0.5,eval,9,123,easy,5,5,0.5,0.95,0.0,default,100,3.0,8,1,1,0,0,,
alpha_0.5_123_078a4205,alpha_0.5,eval,10,123,easy,5,5,0.5,0.95,0.0,default,100,3.0,8,1,1,0,0,,
alpha_0.5_123_078a4205,alpha_0.5,eval,1,123,easy,5,5,0.5,0.95,0.0,default,100,3.0,8,1,1,0,0,,
alpha_0.5_123_078a4205,alpha_0.5,eval,2,123,easy,5,5,0.5,0.95,0.0,default,100,3.0,8,1,1,0,0,,
alpha_0.5_123_078a4205,alpha_0.5,eval,3,123,easy,5,5,0.5,0.95,0.0,default,100,3.0,8,1,1,0,0,,
alpha_0.5_123_078a4205,alpha_0.5,eval,4,123,easy,5,5,0.5,0.95,0.0,default,100,3.0,8,1,1,0,0,,
alpha_0.5_123_078a4205,alpha_0.5,eval,5,123,easy,5,5,0.5,0.95,0.0,default,100,3.0,8,1,1,0,0,,
alpha_0.5_123_078a4205,alpha_0.5,eval,6,123,easy,5,5,0.5,0.95,0.0,default,100,3.0,8,1,1,0,0,,
alpha_0.5_123_078a4205,alpha_0.5,eval,7,123,easy,5,5,0.5,0.95,0.0,default,100,3.0,8,1,1,0,0,,
alpha_0.5_123_078a4205,alpha_0.5,eval,8,123,easy,5,5,0.5,0.95,0.0,default,100,3.0,8,1,1,0,0,,
alpha_0.5_123_078a4205,alpha_0.5,eval,9,123,easy,5,5,0.5,0.95,0.0,default,100,3.0,8,1,1,0,0,,
alpha_0.5_123_078a4205,alpha_0.5,eval,10,123,easy,5,5,0.5,0.95,0.0,default,100,3.0,8,1,1,0,0,,
alpha_0.5_123_078a4205,alpha_0.5,eval,1,123,easy,5,5,0.5,0.95,0.0,default,100,3.0,8,1,1,0,0,,
alpha_0.5_123_078a4205,alpha_0.5,eval,2,123,easy,5,5,0.5,0.95,0.0,default,100,3.0,8,1,1,0,0,,
alpha_0.5_123_078a4205,alpha_0.5,eval,3,123,easy,5,5,0.5,0.95,0.0,default,100,3.0,8,1,1,0,0,,
alpha_0.5_123_078a4205,alpha_0.5,eval,4,123,easy,5,5,0.5,0.95,0.0,default,100,3.0,8,1,1,0,0,,
alpha_0.5_123_078a4205,alpha_0.5,eval,5,123,easy,5,5,0.5,0.95,0.0,default,100,3.0,8,1,1,0,0,,
alpha_0.5_123_078a4205,alpha_0.5,eval,6,123,easy,5,5,0.5,0.95,0.0,default,100,3.0,8,1,1,0,0,,
alpha_0.5_123_078a4205,alpha_0.5,eval,7,123,easy,5,5,0.5,0.95,0.0,default,100,3.0,8,1,1,0,0,,
alpha_0.5_123_078a4205,alpha_0.5,eval,8,123,easy,5,5,0.5,0.95,0.0,default,100,3.0,8,1,1,0,0,,
alpha_0.5_123_078a4205,alpha_0.5,eval,9,123,easy,5,5,0.5,0.95,0.0,default,100,3.0,8,1,1,0,0,,
alpha_0.5_123_078a4205,alpha_0.5,eval,10,123,easy,5,5,0.5,0.95,0.0,default,100,3.0,8,1,1,0,0,,
alpha_0.5_123_078a4205,alpha_0.5,eval,1,123,easy,5,5,0.5,0.95,0.0,default,100,3.0,8,1,1,0,0,,
alpha_0.5_123_078a4205,alpha_0.5,eval,2,123,easy,5,5,0.5,0.95,0.0,default,100,3.0,8,1,1,0,0,,
alpha_0.5_123_078a4205,alpha_0.5,eval,3,123,easy,5,5,0.5,0.95,0.0,default,100,3.0,8,1,1,0,0,,
alpha_0.5_123_078a4205,alpha_0.5,eval,4,123,easy,5,5,0.5,0.95,0.0,default,100,3.0,8,1,1,0,0,,
alpha_0.5_123_078a4205,alpha_0.5,eval,5,123,easy,5,5,0.5,0.95,0.0,default,100,3.0,8,1,1,0,0,,
alpha_0.5_123_078a4205,alpha_0.5,eval,6,123,easy,5,5,0.5,0.95,0.0,default,100,3.0,8,1,1,0,0,,
alpha_0.5_123_078a4205,alpha_0.5,eval,7,123,easy,5,5,0.5,0.95,0.0,default,100,3.0,8,1,1,0,0,,
alpha_0.5_123_078a4205,alpha_0.5,eval,8,123,easy,5,5,0.5,0.95,0.0,default,100,3.0,8,1,1,0,0,,
alpha_0.5_123_078a4205,alpha_0.5,eval,9,123,easy,5,5,0.5,0.95,0.0,default,100,3.0,8,1,1,0,0,,
alpha_0.5_123_078a4205,alpha_0.5,eval,10,123,easy,5,5,0.5,0.95,0.0,default,100,3.0,8,1,1,0,0,,
